duration_int,return_period_int,model,max_level_m_mean,max_level_m_std,max_level_m_ci95_half
60,10,GA-guided,5.9226,0.0727,0.0902
60,10,GA-only,6.4116,0.0,0.0
60,10,PSO-guided,6.1402,0.1304,0.162
60,10,PSO-only,6.4116,0.0,0.0
60,10,Regular,6.0681,0.0554,0.0687
60,20,GA-guided,5.9093,0.0869,0.1079
60,20,GA-only,6.3731,0.0,0.0
60,20,PSO-guided,6.2104,0.2473,0.3071
60,20,PSO-only,6.3731,0.0,0.0
60,20,Regular,6.3488,0.2089,0.2594
60,30,GA-guided,5.9439,0.1077,0.1337
60,30,GA-only,6.4649,0.0,0.0
60,30,PSO-guided,6.265,0.2772,0.3442
60,30,PSO-only,6.4649,0.0,0.0
60,30,Regular,6.4169,0.2516,0.3124
60,50,GA-guided,6.0339,0.0704,0.0874
60,50,GA-only,6.4692,0.0,0.0
60,50,PSO-guided,6.4373,0.4116,0.5111
60,50,PSO-only,6.4692,0.0,0.0
60,50,Regular,6.5145,0.2339,0.2904
60,80,GA-guided,6.1841,0.0666,0.0827
60,80,GA-only,6.7214,0.0,0.0
60,80,PSO-guided,6.5286,0.4008,0.4977
60,80,PSO-only,6.7214,0.0,0.0
60,80,Regular,6.6286,0.2311,0.2869
60,100,GA-guided,6.2994,0.0592,0.0735
60,100,GA-only,6.734,0.0,0.0
60,100,PSO-guided,6.6855,0.4726,0.5869
60,100,PSO-only,6.734,0.0,0.0
60,100,Regular,6.7126,0.2251,0.2795
120,10,GA-guided,5.9393,0.0564,0.07
120,10,GA-only,6.3472,0.0,0.0
120,10,PSO-guided,6.1924,0.1394,0.1731
120,10,PSO-only,6.3472,0.0,0.0
120,10,Regular,5.9987,0.0639,0.0793
120,20,GA-guided,5.9672,0.0692,0.0859
120,20,GA-only,6.3679,0.0,0.0
120,20,PSO-guided,6.3013,0.257,0.3192
120,20,PSO-only,6.3679,0.0,0.0
120,20,Regular,6.3249,0.1766,0.2192
120,30,GA-guided,5.972,0.0806,0.1001
120,30,GA-only,6.3711,0.0,0.0
120,30,PSO-guided,6.3801,0.3368,0.4182
120,30,PSO-only,6.3711,0.0,0.0
120,30,Regular,6.4192,0.2296,0.285
120,50,GA-guided,6.0355,0.0738,0.0916
120,50,GA-only,6.3697,0.0,0.0
120,50,PSO-guided,6.4575,0.3793,0.4709
120,50,PSO-only,6.3697,0.0,0.0
120,50,Regular,6.4959,0.2477,0.3075
120,80,GA-guided,6.2266,0.0798,0.099
120,80,GA-only,6.3888,0.0,0.0
120,80,PSO-guided,6.6283,0.4045,0.5023
120,80,PSO-only,6.3886,0.0002,0.0003
120,80,Regular,6.6208,0.2121,0.2633
120,100,GA-guided,6.3069,0.0839,0.1042
120,100,GA-only,6.4633,0.0,0.0
120,100,PSO-guided,6.7133,0.4119,0.5115
120,100,PSO-only,6.4628,0.0012,0.0015
120,100,Regular,6.6901,0.1882,0.2336
180,10,GA-guided,5.9724,0.0808,0.1004
180,10,GA-only,6.2807,0.0,0.0
180,10,PSO-guided,6.1566,0.2022,0.2511
180,10,PSO-only,6.2807,0.0,0.0
180,10,Regular,6.0155,0.1208,0.15
180,20,GA-guided,5.9904,0.0602,0.0748
180,20,GA-only,6.2976,0.0,0.0
180,20,PSO-guided,6.2426,0.2086,0.259
180,20,PSO-only,6.2976,0.0,0.0
180,20,Regular,6.1564,0.0635,0.0789
180,30,GA-guided,6.0295,0.0831,0.1032
180,30,GA-only,6.3028,0.0,0.0
180,30,PSO-guided,6.3457,0.26,0.3228
180,30,PSO-only,6.3028,0.0,0.0
180,30,Regular,6.3147,0.136,0.1689
180,50,GA-guided,6.0255,0.0811,0.1006
180,50,GA-only,6.3168,0.0,0.0
180,50,PSO-guided,6.3949,0.3006,0.3732
180,50,PSO-only,6.3168,0.0,0.0
180,50,Regular,6.4085,0.2086,0.259
180,80,GA-guided,6.0358,0.0614,0.0763
180,80,GA-only,6.323,0.0,0.0
180,80,PSO-guided,6.4442,0.3465,0.4302
180,80,PSO-only,6.323,0.0,0.0
180,80,Regular,6.4871,0.2693,0.3344
180,100,GA-guided,6.1111,0.0828,0.1028
180,100,GA-only,6.335,0.0,0.0
180,100,PSO-guided,6.5219,0.3458,0.4294
180,100,PSO-only,6.335,0.0,0.0
180,100,Regular,6.5442,0.2693,0.3344
240,10,GA-guided,6.0111,0.0744,0.0923
240,10,GA-only,6.3131,0.0,0.0
240,10,PSO-guided,6.1684,0.2063,0.2562
240,10,PSO-only,6.3131,0.0,0.0
240,10,Regular,6.0384,0.134,0.1664
240,20,GA-guided,6.0261,0.0942,0.1169
240,20,GA-only,6.3112,0.0,0.0
240,20,PSO-guided,6.213,0.2369,0.2941
240,20,PSO-only,6.3113,0.0002,0.0003
240,20,Regular,6.0639,0.0993,0.1233
240,30,GA-guided,6.0312,0.0806,0.1001
240,30,GA-only,6.324,0.0,0.0
240,30,PSO-guided,6.2633,0.2242,0.2784
240,30,PSO-only,6.324,0.0,0.0
240,30,Regular,6.1833,0.0646,0.0803
240,50,GA-guided,6.0467,0.0757,0.0939
240,50,GA-only,6.2867,0.0,0.0
240,50,PSO-guided,6.3382,0.2404,0.2985
240,50,PSO-only,6.2867,0.0,0.0
240,50,Regular,6.341,0.1453,0.1804
240,80,GA-guided,6.0542,0.0719,0.0892
240,80,GA-only,6.3148,0.0,0.0
240,80,PSO-guided,6.3773,0.3053,0.3791
240,80,PSO-only,6.3148,0.0,0.0
240,80,Regular,6.4552,0.2284,0.2836
240,100,GA-guided,6.06,0.0756,0.0938
240,100,GA-only,6.3262,0.0,0.0
240,100,PSO-guided,6.42,0.3364,0.4177
240,100,PSO-only,6.3262,0.0,0.0
240,100,Regular,6.5062,0.256,0.3179
360,10,GA-guided,5.9995,0.0667,0.0828
360,10,GA-only,6.3014,0.0,0.0
360,10,PSO-guided,6.0808,0.1007,0.125
360,10,PSO-only,6.3014,0.0,0.0
360,10,Regular,6.0357,0.1323,0.1642
360,20,GA-guided,6.059,0.1148,0.1426
360,20,GA-only,6.3082,0.0,0.0
360,20,PSO-guided,6.2262,0.2516,0.3124
360,20,PSO-only,6.3082,0.0,0.0
360,20,Regular,6.0667,0.1298,0.1612
360,30,GA-guided,6.0558,0.1191,0.1478
360,30,GA-only,6.2953,0.0,0.0
360,30,PSO-guided,6.2101,0.2528,0.3139
360,30,PSO-only,6.2953,0.0,0.0
360,30,Regular,6.0883,0.1277,0.1585
360,50,GA-guided,6.0734,0.0979,0.1216
360,50,GA-only,6.3303,0.0,0.0
360,50,PSO-guided,6.2599,0.2337,0.2902
360,50,PSO-only,6.3303,0.0,0.0
360,50,Regular,6.1486,0.0931,0.1156
360,80,GA-guided,6.1054,0.0751,0.0932
360,80,GA-only,6.3045,0.0,0.0
360,80,PSO-guided,6.3369,0.2651,0.3291
360,80,PSO-only,6.3043,0.0005,0.0006
360,80,Regular,6.2846,0.1012,0.1257
360,100,GA-guided,6.1177,0.0898,0.1115
360,100,GA-only,6.3201,0.0,0.0
360,100,PSO-guided,6.3794,0.2466,0.3062
360,100,PSO-only,6.32,0.0001,0.0001
360,100,Regular,6.3673,0.1297,0.161
540,10,GA-guided,5.9517,0.137,0.1702
540,10,GA-only,6.3033,0.0,0.0
540,10,PSO-guided,6.0401,0.1754,0.2178
540,10,PSO-only,6.3032,0.0002,0.0002
540,10,Regular,6.0683,0.1087,0.135
540,20,GA-guided,5.998,0.0833,0.1034
540,20,GA-only,6.2991,0.0,0.0
540,20,PSO-guided,6.0957,0.1116,0.1386
540,20,PSO-only,6.2991,0.0001,0.0001
540,20,Regular,6.0751,0.1263,0.1568
540,30,GA-guided,6.0491,0.0925,0.1149
540,30,GA-only,6.3045,0.0,0.0
540,30,PSO-guided,6.1573,0.13,0.1614
540,30,PSO-only,6.3044,0.0002,0.0002
540,30,Regular,6.0725,0.1273,0.1581
540,50,GA-guided,6.082,0.1276,0.1584
540,50,GA-only,6.3032,0.0,0.0
540,50,PSO-guided,6.2777,0.2785,0.3458
540,50,PSO-only,6.3031,0.0001,0.0001
540,50,Regular,6.1031,0.1295,0.1608
540,80,GA-guided,6.0921,0.1201,0.1491
540,80,GA-only,6.2998,0.0,0.0
540,80,PSO-guided,6.251,0.2716,0.3373
540,80,PSO-only,6.2998,0.0,0.0
540,80,Regular,6.1051,0.1388,0.1723
540,100,GA-guided,6.0901,0.1315,0.1632
540,100,GA-only,6.3127,0.0,0.0
540,100,PSO-guided,6.2532,0.2781,0.3453
540,100,PSO-only,6.3127,0.0001,0.0002
540,100,Regular,6.1189,0.14,0.1738
720,10,GA-guided,5.9767,0.1993,0.2474
720,10,GA-only,6.2933,0.0,0.0
720,10,PSO-guided,5.9385,0.0947,0.1176
720,10,PSO-only,6.2933,0.0,0.0
720,10,Regular,6.0795,0.157,0.195
720,20,GA-guided,5.9891,0.1582,0.1965
720,20,GA-only,6.3042,0.0,0.0
720,20,PSO-guided,6.0473,0.1778,0.2207
720,20,PSO-only,6.3042,0.0,0.0
720,20,Regular,6.1045,0.109,0.1353
720,30,GA-guided,5.9799,0.1621,0.2012
720,30,GA-only,6.3057,0.0,0.0
720,30,PSO-guided,6.0432,0.184,0.2284
720,30,PSO-only,6.3057,0.0,0.0
720,30,Regular,6.0891,0.1057,0.1312
720,50,GA-guided,6.0266,0.1206,0.1497
720,50,GA-only,6.3032,0.0,0.0
720,50,PSO-guided,6.0827,0.1327,0.1648
720,50,PSO-only,6.3033,0.0001,0.0001
720,50,Regular,6.098,0.1132,0.1406
720,80,GA-guided,6.0498,0.1024,0.1272
720,80,GA-only,6.3001,0.0,0.0
720,80,PSO-guided,6.1135,0.0955,0.1186
720,80,PSO-only,6.3002,0.0001,0.0001
720,80,Regular,6.108,0.1147,0.1425
720,100,GA-guided,6.1025,0.1238,0.1537
720,100,GA-only,6.2898,0.0,0.0
720,100,PSO-guided,6.2117,0.1636,0.2031
720,100,PSO-only,6.2899,0.0001,0.0001
720,100,Regular,6.1116,0.123,0.1528
1080,10,GA-guided,5.9658,0.2693,0.3344
1080,10,GA-only,6.2904,0.0,0.0
1080,10,PSO-guided,5.8857,0.1055,0.131
1080,10,PSO-only,6.2905,0.0001,0.0002
1080,10,Regular,6.0846,0.1813,0.2251
1080,20,GA-guided,5.9555,0.255,0.3167
1080,20,GA-only,6.2933,0.0,0.0
1080,20,PSO-guided,5.8997,0.1329,0.165
1080,20,PSO-only,6.2932,0.0001,0.0002
1080,20,Regular,6.0801,0.1805,0.2242
1080,30,GA-guided,5.9749,0.2336,0.2901
1080,30,GA-only,6.2982,0.0,0.0
1080,30,PSO-guided,5.9247,0.1133,0.1406
1080,30,PSO-only,6.2983,0.0001,0.0002
1080,30,Regular,6.087,0.1551,0.1926
1080,50,GA-guided,6.0122,0.1894,0.2352
1080,50,GA-only,6.296,0.0,0.0
1080,50,PSO-guided,5.9911,0.0782,0.0971
1080,50,PSO-only,6.296,0.0002,0.0002
1080,50,Regular,6.1042,0.1332,0.1654
1080,80,GA-guided,6.0173,0.1841,0.2286
1080,80,GA-only,6.2925,0.0,0.0
1080,80,PSO-guided,6.0776,0.1807,0.2244
1080,80,PSO-only,6.2924,0.0001,0.0002
1080,80,Regular,6.1263,0.1118,0.1389
1080,100,GA-guided,6.0147,0.1871,0.2323
1080,100,GA-only,6.296,0.0,0.0
1080,100,PSO-guided,6.0686,0.1724,0.2141
1080,100,PSO-only,6.296,0.0001,0.0001
1080,100,Regular,6.1233,0.1119,0.1389
1440,10,GA-guided,5.9993,0.293,0.3638
1440,10,GA-only,6.301,0.0,0.0
1440,10,PSO-guided,5.8911,0.0683,0.0847
1440,10,PSO-only,6.301,0.0,0.0
1440,10,Regular,6.1158,0.1789,0.2221
1440,20,GA-guided,5.9813,0.278,0.3452
1440,20,GA-only,6.3015,0.0,0.0
1440,20,PSO-guided,5.8783,0.094,0.1167
1440,20,PSO-only,6.3014,0.0001,0.0002
1440,20,Regular,6.1066,0.1816,0.2254
1440,30,GA-guided,5.9782,0.2745,0.3408
1440,30,GA-only,6.2956,0.0,0.0
1440,30,PSO-guided,5.8854,0.095,0.118
1440,30,PSO-only,6.2955,0.0001,0.0001
1440,30,Regular,6.0958,0.1797,0.2232
1440,50,GA-guided,5.9775,0.2693,0.3344
1440,50,GA-only,6.2953,0.0,0.0
1440,50,PSO-guided,5.9025,0.1132,0.1405
1440,50,PSO-only,6.2953,0.0003,0.0004
1440,50,Regular,6.0974,0.1761,0.2187
1440,80,GA-guided,5.9741,0.2763,0.343
1440,80,GA-only,6.292,0.0,0.0
1440,80,PSO-guided,5.908,0.1361,0.169
1440,80,PSO-only,6.2921,0.0001,0.0002
1440,80,Regular,6.0934,0.1798,0.2232
1440,100,GA-guided,5.9896,0.2545,0.316
1440,100,GA-only,6.293,0.0,0.0
1440,100,PSO-guided,5.9154,0.1316,0.1634
1440,100,PSO-only,6.2928,0.0003,0.0003
1440,100,Regular,6.0994,0.1789,0.2221
