scenario_id,return_period,duration_min,overflow_flag,total_inflow_m3,max_possible_drain_m3,inflow_minus_maxdrain_m3,reservoir_capacity_m3,peak_vol_m3,max_level_m
10yr_0060m_h143,10,60,0,21732.14737435574,74240,-52507.85262564426,16000.0,3230.248762594776,6.5817966424529795
10yr_0060m_h178,10,60,0,22298.825821722505,74240,-51941.17417827749,16000.0,3305.677905134392,6.607615908847958
10yr_0060m_h207,10,60,0,22024.649334578502,74240,-52215.3506654215,16000.0,3387.1896149754857,6.635517227619971
10yr_0060m_h229,10,60,0,21382.558568401008,74240,-52857.44143159899,16000.0,3292.292685118917,6.60303417094535
10yr_0060m_h234,10,60,0,22072.74734057689,74240,-52167.25265942311,16000.0,3396.7636660235257,6.638794408907808
20yr_0060m_h166,20,60,0,25881.170658499486,74240,-48358.82934150052,16000.0,3296.840622746965,6.604590922211675
20yr_0060m_h167,20,60,0,25728.766825574305,74240,-48511.233174425695,16000.0,3531.213194032556,6.684816252236082
20yr_0060m_h193,20,60,0,25321.23421522896,74240,-48918.765784771036,16000.0,3442.2074597829924,6.654349741735009
20yr_0060m_h222,20,60,0,24780.9463899514,74240,-49459.0536100486,16000.0,3779.6999679026812,6.76987284964884
20yr_0060m_h242,20,60,0,25235.986299366166,74240,-49004.013700633834,16000.0,4104.539884986338,6.881064997305836
30yr_0060m_h149,30,60,0,26970.802606860005,74240,-47269.19739314,16000.0,3489.6548555426352,6.670590904097724
30yr_0060m_h150,30,60,0,28025.730797685403,74240,-46214.269202314594,16000.0,3523.537818866821,6.68218898445319
30yr_0060m_h192,30,60,0,26302.171571327723,74240,-47937.82842867228,16000.0,3970.6274793035946,6.83522701003057
30yr_0060m_h193,30,60,0,26705.388585947916,74240,-47534.61141405208,16000.0,3888.4665030984834,6.807103448493368
30yr_0060m_h203,30,60,0,26891.86594535538,74240,-47348.134054644615,16000.0,3999.1218607680375,6.844980588037959
50yr_0060m_h138,50,60,0,29443.344982373543,74240,-44796.65501762646,16000.0,3457.5081240049103,6.659587132911216
50yr_0060m_h147,50,60,0,30054.31558617781,74240,-44185.68441382219,16000.0,3326.77454802428,6.614837253602443
50yr_0060m_h151,50,60,0,30286.440010623515,74240,-43953.55998937649,16000.0,3343.560599071855,6.620583090146845
50yr_0060m_h205,50,60,0,28561.750648933954,74240,-45678.24935106604,16000.0,4439.404868736474,6.995688708124955
50yr_0060m_h214,50,60,0,29109.93615654028,74240,-45130.06384345972,16000.0,4771.25998691154,7.087396656696288
80yr_0060m_h163,80,60,0,31479.616681934476,74240,-42760.38331806552,16000.0,4574.7080390152005,7.033591031758883
80yr_0060m_h165,80,60,0,32010.85933357067,74240,-42229.14066642933,16000.0,4860.776470741913,7.111901579726776
80yr_0060m_h190,80,60,0,31138.44484036694,74240,-43101.55515963306,16000.0,5334.592945768915,7.241607704836823
80yr_0060m_h214,80,60,0,30845.670022331193,74240,-43394.32997766881,16000.0,5017.032935408091,7.154676412649354
80yr_0060m_h238,80,60,0,30123.832016144344,74240,-44116.16798385566,16000.0,5434.564861202964,7.268974777225011
100yr_0060m_h129,100,60,0,33216.37066723786,74240,-41023.62933276214,16000.0,4146.224076754731,6.8953334248060205
100yr_0060m_h142,100,60,0,33251.336662964946,74240,-40988.663337035054,16000.0,4158.508410279354,6.899538331146967
100yr_0060m_h152,100,60,0,32704.444688269883,74240,-41535.55531173012,16000.0,3914.3935076719426,6.815978217785017
100yr_0060m_h157,100,60,0,32443.427606278437,74240,-41796.572393721566,16000.0,5071.557471061613,7.169602373682347
100yr_0060m_h206,100,60,0,31383.226714575023,74240,-42856.77328542498,16000.0,5489.966416547248,7.284140820297631
10yr_0120m_h268,10,120,0,31379.373394558643,112640,-81260.62660544136,16000.0,3210.0082399168828,6.574868346181818
10yr_0120m_h281,10,120,0,32078.104005469042,112640,-80561.89599453096,16000.0,2996.5567136513737,6.501804254061595
10yr_0120m_h330,10,120,0,32240.537558726235,112640,-80399.46244127376,16000.0,3345.840418056481,6.621363468283392
10yr_0120m_h335,10,120,0,32039.46262218383,112640,-80600.53737781617,16000.0,3354.8268573761807,6.624439511082311
10yr_0120m_h349,10,120,0,31320.808129336176,112640,-81319.19187066382,16000.0,3340.0338224353363,6.619375880540213
20yr_0120m_h250,20,120,0,36822.457617222346,112640,-75817.54238277765,16000.0,3303.22928068721,6.6067777488904875
20yr_0120m_h257,20,120,0,36214.19481577891,112640,-76425.8051842211,16000.0,3309.59423913879,6.608956463274891
20yr_0120m_h293,20,120,0,37230.282797055435,112640,-75409.71720294456,16000.0,3336.524080184133,6.6181745017745195
20yr_0120m_h322,20,120,0,37517.22569379221,112640,-75122.7743062078,16000.0,3291.5239972287545,6.602771050396151
20yr_0120m_h325,20,120,0,37550.69178941827,112640,-75089.30821058173,16000.0,3299.8522615768525,6.605621801028751
30yr_0120m_h253,30,120,0,39631.60905934576,112640,-73008.39094065424,16000.0,3358.9409070831107,6.625847743255832
30yr_0120m_h305,30,120,0,39864.054766619905,112640,-72775.9452333801,16000.0,3351.858638489828,6.623423494837594
30yr_0120m_h318,30,120,0,39621.953728795896,112640,-73018.0462712041,16000.0,3352.6037859086473,6.623678557523743
30yr_0120m_h334,30,120,0,40352.088484141925,112640,-72287.91151585808,16000.0,3289.1700939426764,6.601965313330012
30yr_0120m_h362,30,120,0,39357.614259080554,112640,-73282.38574091945,16000.0,4147.313149927637,6.895706212689166
50yr_0120m_h255,50,120,0,44445.59746603872,112640,-68194.40253396129,16000.0,3408.2732275473554,6.642734112118899
50yr_0120m_h259,50,120,0,44263.68975496562,112640,-68376.31024503437,16000.0,3358.6525815600326,6.625749049922749
50yr_0120m_h261,50,120,0,44201.65365857178,112640,-68438.34634142823,16000.0,3364.6997786262073,6.627818995128775
50yr_0120m_h321,50,120,0,43210.86535997968,112640,-69429.13464002032,16000.0,3848.1762762350536,6.793312172794395
50yr_0120m_h344,50,120,0,42422.52147015224,112640,-70217.47852984775,16000.0,4517.032652483791,7.017802532845275
80yr_0120m_h285,80,120,0,46834.87702096873,112640,-65805.12297903126,16000.0,3816.71900450899,6.782544402521415
80yr_0120m_h288,80,120,0,47739.51118753839,112640,-64900.48881246161,16000.0,3976.3780514864056,6.837195421046691
80yr_0120m_h316,80,120,0,45718.24002852644,112640,-66921.75997147357,16000.0,4827.206295928203,7.102711824781879
80yr_0120m_h332,80,120,0,45467.406187139684,112640,-67172.59381286032,16000.0,4652.340243593983,7.054842661810562
80yr_0120m_h335,80,120,0,46213.792781589626,112640,-66426.20721841037,16000.0,4822.122509114681,7.101320150318829
100yr_0120m_h268,100,120,0,49217.832021611895,112640,-63422.167978388105,16000.0,3428.147570015391,6.64953706553094
100yr_0120m_h299,100,120,0,48284.0990001282,112640,-64355.9009998718,16000.0,4592.59849874305,7.038488502256516
100yr_0120m_h326,100,120,0,47053.65278290944,112640,-65586.34721709056,16000.0,5209.744388941539,7.2074307114540215
100yr_0120m_h331,100,120,0,47722.16804784926,112640,-64917.83195215074,16000.0,5340.732421602788,7.243288371640511
100yr_0120m_h364,100,120,0,47341.089273099795,112640,-65298.910726900205,16000.0,6068.136328382541,7.442413448777044
10yr_0180m_h385,10,180,0,38048.20791368453,151040,-112991.79208631547,16000.0,3112.8837554449947,6.541622801374815
10yr_0180m_h417,10,180,0,37468.532666286934,151040,-113571.46733371307,16000.0,3096.5390892384657,6.536028050106077
10yr_0180m_h427,10,180,0,37422.08058661512,151040,-113617.91941338488,16000.0,3085.3741220311927,6.532206300939772
10yr_0180m_h433,10,180,0,38169.59745284439,151040,-112870.40254715561,16000.0,3107.6508231979255,6.539831577622762
10yr_0180m_h483,10,180,0,38908.65972275765,151040,-112131.34027724236,16000.0,3385.382646388507,6.634898705365259
20yr_0180m_h410,20,180,0,45082.83881638281,151040,-105957.1611836172,16000.0,3052.0364718529268,6.520794880340855
20yr_0180m_h417,20,180,0,45522.5194159147,151040,-105517.48058408531,16000.0,3148.4532735918506,6.553798186559558
20yr_0180m_h430,20,180,0,44942.15912138187,151040,-106097.84087861812,16000.0,3029.399453052855,6.5130462675486545
20yr_0180m_h447,20,180,0,44527.28557086227,151040,-106512.71442913773,16000.0,3324.259330795978,6.613976299049968
20yr_0180m_h466,20,180,0,44409.525214515685,151040,-106630.47478548432,16000.0,3353.6637109818985,6.624041368062263
30yr_0180m_h387,30,180,0,47298.533363184295,151040,-103741.4666368157,16000.0,2997.0493995340285,6.501972899596
30yr_0180m_h405,30,180,0,48670.09360256593,151040,-102369.90639743407,16000.0,3372.653277003943,6.630541464011129
30yr_0180m_h407,30,180,0,49064.00590291746,151040,-101975.99409708254,16000.0,3397.7064702733496,6.6391171291889215
30yr_0180m_h415,30,180,0,48174.93762034949,151040,-102865.06237965051,16000.0,3357.0495273811002,6.625200327220915
30yr_0180m_h454,30,180,0,48883.10160051312,151040,-102156.89839948688,16000.0,3380.846241555828,6.633345901755051
50yr_0180m_h372,50,180,0,52818.57399319732,151040,-98221.42600680268,16000.0,3303.015800714412,6.6067046750611675
50yr_0180m_h384,50,180,0,53202.424585784145,151040,-97837.57541421585,16000.0,3396.9518827650845,6.638858835176312
50yr_0180m_h428,50,180,0,53491.33987925272,151040,-97548.66012074728,16000.0,3452.1415608208426,6.657750167518136
50yr_0180m_h480,50,180,0,52684.39746667013,151040,-98355.60253332986,16000.0,3795.221108632828,6.775185709556469
50yr_0180m_h489,50,180,0,51983.15620815028,151040,-99056.84379184972,16000.0,3623.5461171720945,6.716421653799739
80yr_0180m_h393,80,180,0,57250.04423681711,151040,-93789.9557631829,16000.0,3320.7058300852404,6.612759941838468
80yr_0180m_h411,80,180,0,57099.985018799154,151040,-93940.01498120085,16000.0,3403.037231868435,6.640941839759367
80yr_0180m_h452,80,180,0,56899.71175289851,151040,-94140.28824710149,16000.0,3602.1639065007585,6.709102559682411
80yr_0180m_h458,80,180,0,56785.94596497114,151040,-94254.05403502885,16000.0,3526.8557797007034,6.683324716767967
80yr_0180m_h492,80,180,0,56493.23581828037,151040,-94546.76418171963,16000.0,4558.294565236424,7.029097882626998
100yr_0180m_h386,100,180,0,59719.32306444549,151040,-91320.67693555451,16000.0,3440.3922948435566,6.65372841388288
100yr_0180m_h420,100,180,0,59129.741286285665,151040,-91910.25871371434,16000.0,3381.6505197278548,6.633621204796821
100yr_0180m_h430,100,180,0,59167.03170007402,151040,-91872.96829992598,16000.0,3390.5883033988794,6.636680592850472
100yr_0180m_h472,100,180,0,58134.53451223237,151040,-92905.46548776762,16000.0,4982.388342260698,7.145192538259156
100yr_0180m_h493,100,180,0,58096.16916385281,151040,-92943.83083614719,16000.0,4948.236665570474,7.13584359856843
10yr_0240m_h507,10,240,0,43139.21352336332,189440,-146300.78647663668,16000.0,2993.5978521773586,6.500791440843106
10yr_0240m_h512,10,240,0,43407.17735566213,189440,-146032.82264433787,16000.0,3045.0647307504987,6.518408465293569
10yr_0240m_h513,10,240,0,43041.75764650075,189440,-146398.24235349926,16000.0,3045.796138676056,6.518658824974689
10yr_0240m_h586,10,240,0,43700.05478334654,189440,-145739.94521665346,16000.0,3049.446833985388,6.51990845173094
10yr_0240m_h598,10,240,0,45287.23801812611,189440,-144152.7619818739,16000.0,3021.814102445962,6.510449815018178
20yr_0240m_h506,20,240,0,51292.43643992583,189440,-138147.56356007417,16000.0,3129.590713912584,6.547341564664454
20yr_0240m_h543,20,240,0,51976.65637010765,189440,-137463.34362989233,16000.0,3066.143778116885,6.525623787130474
20yr_0240m_h547,20,240,0,51254.96795808239,189440,-138185.0320419176,16000.0,3047.1017879845367,6.519105746498374
20yr_0240m_h579,20,240,0,51630.683723878494,189440,-137809.3162761215,16000.0,3077.29578263412,6.529441099190163
20yr_0240m_h605,20,240,0,52028.54736859111,189440,-137411.45263140887,16000.0,3373.494039399623,6.630829255540213
30yr_0240m_h508,30,240,0,54727.99890894096,189440,-134712.00109105904,16000.0,3136.6185454584743,6.549747179374538
30yr_0240m_h538,30,240,0,56453.71814880142,189440,-132986.28185119858,16000.0,3038.4849042230926,6.516156201934555
30yr_0240m_h547,30,240,0,56937.26395279997,189440,-132502.73604720004,16000.0,2993.240081690281,6.5006689766177
30yr_0240m_h578,30,240,0,56550.89219033366,189440,-132889.10780966634,16000.0,3309.7332176408936,6.609004035378301
30yr_0240m_h615,30,240,0,55976.057606414906,189440,-133463.9423935851,16000.0,3368.0120198888817,6.6289527696441155
50yr_0240m_h515,50,240,0,61278.206319650504,189440,-128161.7936803495,16000.0,3020.749928577334,6.510085550124271
50yr_0240m_h542,50,240,0,61852.454176703046,189440,-127587.54582329695,16000.0,3423.2131056109247,6.647848006810586
50yr_0240m_h549,50,240,0,62489.24832429293,189440,-126950.75167570707,16000.0,3383.874325071196,6.634382409559822
50yr_0240m_h560,50,240,0,61351.38062022278,189440,-128088.61937977723,16000.0,3386.217013008135,6.635184307631146
50yr_0240m_h565,50,240,0,61782.06641600786,189440,-127657.93358399214,16000.0,3364.192326647297,6.627645295184894
80yr_0240m_h502,80,240,0,66067.80859175514,189440,-123372.19140824486,16000.0,3324.333559968867,6.614001707568805
80yr_0240m_h508,80,240,0,65161.36893443389,189440,-124278.63106556611,16000.0,3296.281724744682,6.604399612382043
80yr_0240m_h538,80,240,0,67100.5437671591,189440,-122339.4562328409,16000.0,3336.299707589844,6.618097699419506
80yr_0240m_h605,80,240,0,66315.62028150047,189440,-123124.37971849953,16000.0,3406.736574475053,6.642208118402219
80yr_0240m_h612,80,240,0,65521.953323107606,189440,-123918.0466768924,16000.0,3290.9448325483363,6.602572803317279
100yr_0240m_h514,100,240,0,69114.73698994546,189440,-120325.26301005454,16000.0,3313.7914431190984,6.6103931590138725
100yr_0240m_h566,100,240,0,68160.61434208245,189440,-121279.38565791755,16000.0,3290.8267705133676,6.602532390884771
100yr_0240m_h567,100,240,0,68624.12604806003,189440,-120815.87395193997,16000.0,3434.6394104850633,6.65175921141298
100yr_0240m_h592,100,240,0,68466.20806359465,189440,-120973.79193640535,16000.0,3501.6431907719725,6.674694490728792
100yr_0240m_h612,100,240,0,68545.2490628791,189440,-120894.7509371209,16000.0,3568.163260023166,6.697464196584947
10yr_0360m_h705,10,360,0,54250.89320611418,266240,-211989.10679388582,16000.0,3062.3649737817896,6.524330308873962
10yr_0360m_h707,10,360,0,54339.93472853311,266240,-211900.06527146688,16000.0,3021.101386245814,6.510205853482675
10yr_0360m_h717,10,360,0,54562.81016157567,266240,-211677.18983842432,16000.0,3084.6054169204845,6.531943174496009
10yr_0360m_h719,10,360,0,54948.852165427175,266240,-211291.14783457282,16000.0,3025.9608690916175,6.51186924614383
10yr_0360m_h735,10,360,0,54009.55798882182,266240,-212230.44201117818,16000.0,3065.4667800121747,6.525392051837908
20yr_0360m_h634,20,360,0,61872.115449269804,266240,-204367.8845507302,16000.0,3008.952197842931,6.5060472070856
20yr_0360m_h656,20,360,0,63454.41645131832,266240,-202785.5835486817,16000.0,3031.157588391588,6.513648074266069
20yr_0360m_h665,20,360,0,63364.06560290605,266240,-202875.93439709395,16000.0,3033.583656305798,6.514478513160909
20yr_0360m_h688,20,360,0,62663.54577345914,266240,-203576.45422654087,16000.0,3088.8246563688667,6.533387412937998
20yr_0360m_h726,20,360,0,64668.35266553799,266240,-201571.647334462,16000.0,3000.6255693111652,6.503197016390129
30yr_0360m_h630,30,360,0,67413.29464866171,266240,-198826.70535133829,16000.0,3119.2994761407144,6.543818891588509
30yr_0360m_h648,30,360,0,67923.6882569196,266240,-198316.31174308038,16000.0,3069.7507322545725,6.5268584413585335
30yr_0360m_h668,30,360,0,68456.14786766653,266240,-197783.85213233347,16000.0,3128.068973696897,6.54682067559307
30yr_0360m_h702,30,360,0,68423.62030066681,266240,-197816.3796993332,16000.0,3109.5735391242965,6.540489719993647
30yr_0360m_h709,30,360,0,68467.80910204463,266240,-197772.19089795538,16000.0,3124.647996803001,6.545649681057262
50yr_0360m_h626,50,360,0,74236.7587787555,266240,-192003.2412212445,16000.0,3073.2630777334484,6.528060711204604
50yr_0360m_h686,50,360,0,75556.72001867872,266240,-190683.27998132128,16000.0,3101.931709368195,6.53787393474706
50yr_0360m_h722,50,360,0,76255.24521986702,266240,-189984.75478013296,16000.0,3315.579457324151,6.611005193216091
50yr_0360m_h729,50,360,0,75507.8770868457,266240,-190732.1229131543,16000.0,3375.1157329020143,6.631384358450567
50yr_0360m_h738,50,360,0,76590.03036472171,266240,-189649.96963527828,16000.0,3365.3185193243344,6.628030789010775
80yr_0360m_h620,80,360,0,80287.08897594233,266240,-185952.91102405766,16000.0,3041.259328209765,6.51710588251679
80yr_0360m_h624,80,360,0,80819.77879278842,266240,-185420.22120721158,16000.0,3035.4186936134174,6.515106643290657
80yr_0360m_h630,80,360,0,79685.03341830187,266240,-186554.96658169813,16000.0,3092.955654338368,6.534801446472791
80yr_0360m_h683,80,360,0,81996.2469511427,266240,-184243.7530488573,16000.0,3350.7715245369127,6.623051377592097
80yr_0360m_h718,80,360,0,81782.67809295833,266240,-184457.32190704165,16000.0,3381.7873876755193,6.633668054461058
100yr_0360m_h639,100,360,0,82720.07058630153,266240,-183519.92941369847,16000.0,3104.344178798452,6.538699718904115
100yr_0360m_h669,100,360,0,84322.85260395097,266240,-181917.14739604903,16000.0,3306.1709288111933,6.607784670008721
100yr_0360m_h680,100,360,0,85028.19704621151,266240,-181211.8029537885,16000.0,3288.393144568261,6.6016993648888915
100yr_0360m_h713,100,360,0,85123.6012541239,266240,-181116.3987458761,16000.0,3486.363022561196,6.669464115302121
100yr_0360m_h742,100,360,0,84941.23752723151,266240,-181298.7624727685,16000.0,3357.369202581467,6.625309751494878
10yr_0540m_h793,10,540,0,62881.51896181709,381440,-318558.4810381829,16000.0,2779.8672175712827,6.427631810415598
10yr_0540m_h797,10,540,0,62973.06580159048,381440,-318466.93419840955,16000.0,2706.452028673396,6.402501916905319
10yr_0540m_h800,10,540,0,62603.13976252959,381440,-318836.8602374704,16000.0,2763.765397135264,6.422120184838477
10yr_0540m_h830,10,540,0,62563.4493591863,381440,-318876.5506408137,16000.0,2791.8008668262823,6.431716678131246
10yr_0540m_h843,10,540,0,64416.20405063371,381440,-317023.7959493663,16000.0,2720.958684275931,6.40746752029005
20yr_0540m_h787,20,540,0,74333.69018717788,381440,-307106.30981282215,16000.0,2767.4767604302206,6.4233905781423735
20yr_0540m_h803,20,540,0,73773.32779820223,381440,-307666.6722017978,16000.0,2742.575935109755,6.414867068252728
20yr_0540m_h804,20,540,0,73262.08565096761,381440,-308177.9143490324,16000.0,2862.368896766464,6.45587199400319
20yr_0540m_h821,20,540,0,73700.19068491,381440,-307739.80931509,16000.0,3023.1560903521163,6.510909175181653
20yr_0540m_h858,20,540,0,75074.48315673103,381440,-306365.516843269,16000.0,3014.1989729172665,6.507843169213734
30yr_0540m_h749,30,540,0,78563.27610118745,381440,-302876.72389881255,16000.0,2768.6138262182176,6.423779793815527
30yr_0540m_h772,30,540,0,78284.73787418439,381440,-303155.2621258156,16000.0,2740.4824617068907,6.4141504758898895
30yr_0540m_h830,30,540,0,80525.99049800381,381440,-300914.0095019962,16000.0,3006.171008279351,6.505095210657968
30yr_0540m_h836,30,540,0,80622.01091508557,381440,-300817.98908491444,16000.0,3085.0466083013844,6.532094193550596
30yr_0540m_h839,30,540,0,80981.46274791808,381440,-300458.5372520819,16000.0,3119.880940970799,6.544017926004674
50yr_0540m_h760,50,540,0,85436.43722327912,381440,-296003.56277672085,16000.0,3061.2224883158356,6.52393923805432
50yr_0540m_h771,50,540,0,86565.95631425342,381440,-294874.0436857466,16000.0,3095.0284146821123,6.535510948790943
50yr_0540m_h775,50,540,0,88049.98029709543,381440,-293390.01970290457,16000.0,3046.0245693158095,6.51873701639172
50yr_0540m_h803,50,540,0,87484.61106866138,381440,-293955.3889313386,16000.0,3061.232064110073,6.523942515832299
50yr_0540m_h861,50,540,0,89326.32545156557,381440,-292113.67454843444,16000.0,3030.3382783245174,6.513367625832353
80yr_0540m_h762,80,540,0,93778.47619585754,381440,-287661.5238041425,16000.0,3047.995214655391,6.519411564918715
80yr_0540m_h808,80,540,0,94527.41640352723,381440,-286912.58359647274,16000.0,3116.100871611568,6.542724014732566
80yr_0540m_h833,80,540,0,95453.18355591512,381440,-285986.81644408486,16000.0,3147.516596831925,6.553477563707749
80yr_0540m_h851,80,540,0,96246.83827548726,381440,-285193.16172451276,16000.0,3176.3486768248445,6.563346735343467
80yr_0540m_h857,80,540,0,96437.63644249871,381440,-285002.3635575013,16000.0,3162.0604963724973,6.558455915628728
100yr_0540m_h771,100,540,0,96321.02733117898,381440,-285118.972668821,16000.0,3142.3405935465125,6.551705826641838
100yr_0540m_h776,100,540,0,98978.2243859915,381440,-282461.7756140085,16000.0,3095.596184166313,6.535705295313652
100yr_0540m_h801,100,540,0,98555.01908067933,381440,-282884.98091932066,16000.0,3066.450326803443,6.525728718221227
100yr_0540m_h807,100,540,0,97850.4499128821,381440,-283589.5500871179,16000.0,3081.462487349216,6.5308673550828615
100yr_0540m_h856,100,540,0,98876.80351480888,381440,-282563.1964851911,16000.0,3233.0926962299,6.5827701160689145
10yr_0720m_h888,10,720,0,65490.21862854663,496640,-431149.78137145337,16000.0,2471.619766294301,6.322119235406362
10yr_0720m_h899,10,720,0,66914.21594634323,496640,-429725.78405365674,16000.0,2694.040147341824,6.398253351168351
10yr_0720m_h943,10,720,0,67209.51906550262,496640,-429430.4809344974,16000.0,2714.7189568393296,6.405331672267741
10yr_0720m_h966,10,720,0,67585.54971484048,496640,-429054.4502851595,16000.0,2773.702341698228,6.425521583955383
10yr_0720m_h977,10,720,0,67862.09074299433,496640,-428777.90925700567,16000.0,2715.7098835295305,6.405670864777834
20yr_0720m_h891,20,720,0,75440.2813670692,496640,-421199.7186329308,16000.0,2728.863316391347,6.410173262334446
20yr_0720m_h898,20,720,0,75346.19648262317,496640,-421293.80351737683,16000.0,2702.4396012263537,6.401128469857431
20yr_0720m_h915,20,720,0,78113.5228754482,496640,-418526.4771245518,16000.0,2741.5570010188935,6.414518288857323
20yr_0720m_h916,20,720,0,77831.25322003833,496640,-418808.7467799617,16000.0,2750.370493142269,6.417535132126938
20yr_0720m_h936,20,720,0,78401.6401832852,496640,-418238.3598167148,16000.0,2737.1052663273204,6.412994467691503
30yr_0720m_h892,30,720,0,81978.59016065247,496640,-414661.4098393475,16000.0,2762.300368243521,6.421618707956218
30yr_0720m_h903,30,720,0,84232.34488369289,496640,-412407.6551163071,16000.0,2714.4696171497035,6.405246323718725
30yr_0720m_h904,30,720,0,83951.02371639437,496640,-412688.9762836056,16000.0,2808.3090180253816,6.437367390033137
30yr_0720m_h920,30,720,0,83859.55444504815,496640,-412780.44555495185,16000.0,2773.5480080517054,6.42546875581232
30yr_0720m_h926,30,720,0,84693.05252654348,496640,-411946.9474734565,16000.0,2754.5267851545086,6.4189578237692695
50yr_0720m_h879,50,720,0,90535.29452874219,496640,-406104.7054712578,16000.0,2820.5699016914778,6.441564269527645
50yr_0720m_h935,50,720,0,91925.80410035315,496640,-404714.19589964685,16000.0,2768.45664984061,6.4237259926104775
50yr_0720m_h941,50,720,0,92530.72339332414,496640,-404109.2766066759,16000.0,2759.206302442259,6.420559614527913
50yr_0720m_h971,50,720,0,93754.88310616404,496640,-402885.11689383595,16000.0,2940.19640930666,6.482512218344578
50yr_0720m_h988,50,720,0,92969.27709037779,496640,-403670.72290962224,16000.0,2858.6739698815713,6.4546072268543275
80yr_0720m_h877,80,720,0,97746.06642745188,496640,-398893.9335725481,16000.0,2712.257689960296,6.404489184827485
80yr_0720m_h882,80,720,0,98061.42126598742,496640,-398578.57873401255,16000.0,2739.611579926658,6.413852374547022
80yr_0720m_h910,80,720,0,99483.7920550693,496640,-397156.2079449307,16000.0,2997.6507822410385,6.502178751867348
80yr_0720m_h939,80,720,0,99308.65489162842,496640,-397331.3451083716,16000.0,3000.3249340817983,6.5030941094656525
80yr_0720m_h968,80,720,0,100699.79797587002,496640,-395940.20202413,16000.0,3027.6268835763885,6.512439520050598
100yr_0720m_h885,100,720,0,101431.51798622214,496640,-395208.48201377783,16000.0,2820.2881685302755,6.441467832748749
100yr_0720m_h938,100,720,0,103207.52682507696,496640,-393432.47317492304,16000.0,3022.7113110833584,6.510756927999194
100yr_0720m_h940,100,720,0,103306.82456317058,496640,-393333.17543682945,16000.0,3025.811660209716,6.511818172198924
100yr_0720m_h968,100,720,0,103953.59265441236,496640,-392686.4073455876,16000.0,3055.156600507111,6.521862895039109
100yr_0720m_h985,100,720,0,104703.51576656481,496640,-391936.4842334352,16000.0,3104.5035053803767,6.538754256120423
10yr_1080m_h1012,10,1080,0,71399.7844164037,727040,-655640.2155835963,16000.0,2465.70768251248,6.320095539246325
10yr_1080m_h1046,10,1080,0,72770.99907292318,727040,-654269.0009270768,16000.0,2461.041677338376,6.318498373661058
10yr_1080m_h1088,10,1080,0,74436.32762405512,727040,-652603.6723759449,16000.0,2494.720219387409,6.330026480963905
10yr_1080m_h1096,10,1080,0,73631.52923880512,727040,-653408.4707611948,16000.0,2527.533621219062,6.341258452251023
10yr_1080m_h1097,10,1080,0,74169.30867865024,727040,-652870.6913213497,16000.0,2531.0162486797353,6.342450549670325
20yr_1080m_h1037,20,1080,0,85195.6812812037,727040,-641844.3187187964,16000.0,2506.8819531188396,6.334189421605471
20yr_1080m_h1074,20,1080,0,85300.42298962612,727040,-641739.5770103738,16000.0,2477.085010328176,6.323989979085439
20yr_1080m_h1078,20,1080,0,85164.09697480284,727040,-641875.9030251971,16000.0,2497.0191462256707,6.330813399686049
20yr_1080m_h1084,20,1080,0,84529.35756434922,727040,-642510.6424356508,16000.0,2461.4694532856133,6.318644800635662
20yr_1080m_h999,20,1080,0,83118.70517862106,727040,-643921.2948213789,16000.0,2536.5189931772857,6.344334129693936
30yr_1080m_h1013,30,1080,0,90143.21135122827,727040,-636896.7886487717,16000.0,2567.8570684965507,6.355061099240873
30yr_1080m_h1048,30,1080,0,92161.03628289752,727040,-634878.9637171025,16000.0,2497.005931721914,6.330808876384029
30yr_1080m_h1071,30,1080,0,91465.95691207667,727040,-635574.0430879233,16000.0,2481.22582094882,6.325407371473924
30yr_1080m_h1074,30,1080,0,91106.12266594265,727040,-635933.8773340574,16000.0,2532.6896211301682,6.343023342196146
30yr_1080m_h1096,30,1080,0,92765.33339307441,727040,-634274.6666069255,16000.0,2716.3180202526555,6.405879028937339
50yr_1080m_h1021,50,1080,0,98396.49506570771,727040,-628643.5049342923,16000.0,2704.260355414757,6.401751710899917
50yr_1080m_h1032,50,1080,0,101141.23638472629,727040,-625898.7636152738,16000.0,2719.7444594948142,6.407051893225608
50yr_1080m_h1057,50,1080,0,100495.6922448546,727040,-626544.3077551454,16000.0,2717.361869296825,6.40623633667862
50yr_1080m_h1061,50,1080,0,100404.35799326326,727040,-626635.6420067367,16000.0,2715.713983837471,6.405672268306224
50yr_1080m_h1113,50,1080,0,102076.13271183829,727040,-624963.8672881618,16000.0,2739.22096986691,6.413718669392096
80yr_1080m_h1005,80,1080,0,105795.13022714012,727040,-621244.8697728598,16000.0,2725.548668989566,6.409038664201807
80yr_1080m_h1015,80,1080,0,106017.88000064902,727040,-621022.119999351,16000.0,2704.2918768389454,6.401762500629467
80yr_1080m_h1020,80,1080,0,105608.73389011643,727040,-621431.2661098836,16000.0,2716.4000872023626,6.405907120313767
80yr_1080m_h1077,80,1080,0,107605.12231166655,727040,-619434.8776883334,16000.0,2713.116763618916,6.404783244270534
80yr_1080m_h1105,80,1080,0,109699.04179407054,727040,-617340.9582059295,16000.0,2744.3428098650875,6.415471866457487
100yr_1080m_h1032,100,1080,0,112021.57460352508,727040,-615018.4253964749,16000.0,2720.681865410516,6.407372765666191
100yr_1080m_h1043,100,1080,0,112853.31520257733,727040,-614186.6847974227,16000.0,2736.5075200853316,6.412789860175908
100yr_1080m_h1053,100,1080,0,111975.75705456693,727040,-615064.2429454331,16000.0,2740.111831802792,6.414023609908046
100yr_1080m_h1068,100,1080,0,111507.18849790319,727040,-615532.8115020968,16000.0,2730.9640005308,6.410892322920078
100yr_1080m_h993,100,1080,0,110341.02376247096,727040,-616698.9762375291,16000.0,2775.4184939766164,6.426109019943096
10yr_1440m_h1119,10,1440,0,75296.07900833598,957440,-882143.920991664,16000.0,2428.070798081234,6.307212498120716
10yr_1440m_h1123,10,1440,0,76008.24480225079,957440,-881431.7551977492,16000.0,2423.1533171367164,6.305529252809634
10yr_1440m_h1131,10,1440,0,75133.71003979593,957440,-882306.289960204,16000.0,2428.1667850908684,6.307245354309832
10yr_1440m_h1137,10,1440,0,75380.23524927736,957440,-882059.7647507227,16000.0,2413.6564558381615,6.3022784934409355
10yr_1440m_h1152,10,1440,0,76498.48002981424,957440,-880941.5199701858,16000.0,2429.471535015818,6.307691967976075
20yr_1440m_h1130,20,1440,0,88050.7346124407,957440,-869389.2653875593,16000.0,2457.222446172252,6.317191057369475
20yr_1440m_h1134,20,1440,0,87877.89876834193,957440,-869562.1012316581,16000.0,2462.3274302382315,6.318938484678123
20yr_1440m_h1143,20,1440,0,87661.43111576508,957440,-869778.5688842349,16000.0,2461.825410652076,6.318766644232984
20yr_1440m_h1179,20,1440,0,89179.09271917312,957440,-868260.9072808269,16000.0,2465.672776012695,6.320083590811191
20yr_1440m_h1194,20,1440,0,88691.88906476076,957440,-868748.1109352392,16000.0,2481.3526119830176,6.325450771827928
30yr_1440m_h1153,30,1440,0,97204.72565577175,957440,-860235.2743442282,16000.0,2485.5358884855327,6.326882700215097
30yr_1440m_h1164,30,1440,0,96302.81325569017,957440,-861137.1867443098,16000.0,2503.431391532378,6.3330083002800315
30yr_1440m_h1203,30,1440,0,95243.03790417436,957440,-862196.9620958257,16000.0,2462.2700257433467,6.318918835217771
30yr_1440m_h1204,30,1440,0,95689.24713429852,957440,-861750.7528657014,16000.0,2489.9906376707627,6.328407553236936
30yr_1440m_h1231,30,1440,0,96898.82870849711,957440,-860541.1712915029,16000.0,2510.1646059155782,6.335313068039562
50yr_1440m_h1120,50,1440,0,102674.22289415894,957440,-854765.7771058411,16000.0,2482.102878379434,6.325707586731347
50yr_1440m_h1123,50,1440,0,102807.82124199721,957440,-854632.1787580028,16000.0,2520.4154069348624,6.338821899684305
50yr_1440m_h1140,50,1440,0,102896.41380000801,957440,-854543.586199992,16000.0,2504.27541725483,6.333297208840284
50yr_1440m_h1154,50,1440,0,106096.29184777332,957440,-851343.7081522266,16000.0,2534.48316168804,6.343637268059475
50yr_1440m_h1220,50,1440,0,106400.99629890005,957440,-851039.0037010999,16000.0,2511.4472100639555,6.335752101244386
80yr_1440m_h1185,80,1440,0,112711.53058503463,957440,-844728.4694149654,16000.0,2549.138043375541,6.348653608979403
80yr_1440m_h1199,80,1440,0,113026.84546225963,957440,-844413.1545377404,16000.0,2553.5429865646465,6.3501614134940105
80yr_1440m_h1212,80,1440,0,114329.8713091469,957440,-843110.1286908531,16000.0,2550.7524577614713,6.34920622026065
80yr_1440m_h1220,80,1440,0,114148.06885351875,957440,-843291.9311464813,16000.0,2591.381407726132,6.363113440297453
80yr_1440m_h1237,80,1440,0,114825.54329458428,957440,-842614.4567054157,16000.0,2451.0820642965805,6.315089215162644
100yr_1440m_h1126,100,1440,0,114957.52751098711,957440,-842482.4724890129,16000.0,2523.4201985467553,6.339850434710381
100yr_1440m_h1135,100,1440,0,114913.15463264535,957440,-842526.8453673547,16000.0,2512.073832005525,6.335966592862527
100yr_1440m_h1176,100,1440,0,118527.14663315537,957440,-838912.8533668446,16000.0,2488.7698483537188,6.327989679143082
100yr_1440m_h1205,100,1440,0,117792.65427656032,957440,-839647.3457234397,16000.0,2473.554182221536,6.322781382667518
100yr_1440m_h1230,100,1440,0,118439.45166306243,957440,-839000.5483369376,16000.0,2705.2986577119555,6.402107119999203
