duration_int,return_period_int,model,n_seeds,n_intervals_170_mean,n_intervals_170_std,n_intervals_170_ci95_half
60,10,GA-guided(4-criterion),5,12.524,1.807,2.2437
60,10,Regular(2-criterion),5,38.348,8.3315,10.345
60,20,GA-guided(4-criterion),5,19.544,1.8227,2.2631
60,20,Regular(2-criterion),5,44.548,7.3058,9.0714
60,30,GA-guided(4-criterion),5,23.752,1.5199,1.8872
60,30,Regular(2-criterion),5,47.752,7.5534,9.3787
60,50,GA-guided(4-criterion),5,28.32,1.2295,1.5266
60,50,Regular(2-criterion),5,51.752,7.5349,9.3558
60,80,GA-guided(4-criterion),5,32.192,1.3192,1.638
60,80,Regular(2-criterion),5,55.176,8.0646,10.0135
60,100,GA-guided(4-criterion),5,33.812,1.4618,1.815
60,100,Regular(2-criterion),5,55.152,8.4665,10.5125
120,10,GA-guided(4-criterion),5,15.128,1.1994,1.4892
120,10,Regular(2-criterion),5,55.248,15.8872,19.7266
120,20,GA-guided(4-criterion),5,25.536,1.5894,1.9735
120,20,Regular(2-criterion),5,65.384,13.7593,17.0844
120,30,GA-guided(4-criterion),5,31.272,1.575,1.9556
120,30,Regular(2-criterion),5,69.988,12.9653,16.0986
120,50,GA-guided(4-criterion),5,38.224,1.5276,1.8967
120,50,Regular(2-criterion),5,74.504,12.2911,15.2614
120,80,GA-guided(4-criterion),5,44.596,1.3049,1.6202
120,80,Regular(2-criterion),5,77.532,11.4406,14.2054
120,100,GA-guided(4-criterion),5,47.156,1.4647,1.8186
120,100,Regular(2-criterion),5,80.5,10.5502,13.0998
180,10,GA-guided(4-criterion),5,12.408,1.4935,1.8544
180,10,Regular(2-criterion),5,62.252,21.1106,26.2123
180,20,GA-guided(4-criterion),5,23.928,1.3598,1.6884
180,20,Regular(2-criterion),5,76.256,20.3898,25.3173
180,30,GA-guided(4-criterion),5,31.504,1.9128,2.375
180,30,Regular(2-criterion),5,82.048,19.7924,24.5755
180,50,GA-guided(4-criterion),5,38.284,1.8879,2.3441
180,50,Regular(2-criterion),5,90.532,19.1518,23.7801
180,80,GA-guided(4-criterion),5,47.18,1.5365,1.9078
180,80,Regular(2-criterion),5,98.604,16.4546,20.4311
180,100,GA-guided(4-criterion),5,50.94,1.5149,1.881
180,100,Regular(2-criterion),5,98.208,17.2433,21.4104
240,10,GA-guided(4-criterion),5,9.192,1.3569,1.6848
240,10,Regular(2-criterion),5,73.48,27.4312,34.0603
240,20,GA-guided(4-criterion),5,21.464,1.542,1.9147
240,20,Regular(2-criterion),5,88.56,24.2194,30.0724
240,30,GA-guided(4-criterion),5,29.396,1.5861,1.9694
240,30,Regular(2-criterion),5,94.504,26.433,32.8209
240,50,GA-guided(4-criterion),5,39.392,1.8246,2.2656
240,50,Regular(2-criterion),5,104.172,25.6218,31.8136
240,80,GA-guided(4-criterion),5,48.144,1.7985,2.2332
240,80,Regular(2-criterion),5,110.972,25.4176,31.5602
240,100,GA-guided(4-criterion),5,52.944,1.694,2.1033
240,100,Regular(2-criterion),5,113.964,25.1042,31.171
360,10,GA-guided(4-criterion),5,2.952,0.9671,1.2008
360,10,Regular(2-criterion),5,89.252,44.6111,55.392
360,20,GA-guided(4-criterion),5,13.116,1.7129,2.1268
360,20,Regular(2-criterion),5,105.54,39.85,49.4803
360,30,GA-guided(4-criterion),5,21.864,1.3952,1.7323
360,30,Regular(2-criterion),5,115.2,38.7211,48.0786
360,50,GA-guided(4-criterion),5,33.472,1.8465,2.2928
360,50,Regular(2-criterion),5,130.032,34.8009,43.211
360,80,GA-guided(4-criterion),5,45.468,1.7104,2.1238
360,80,Regular(2-criterion),5,140.656,37.302,46.3166
360,100,GA-guided(4-criterion),5,49.692,1.5051,1.8688
360,100,Regular(2-criterion),5,143.308,39.3685,48.8824
540,10,GA-guided(4-criterion),5,0.116,0.1824,0.2265
540,10,Regular(2-criterion),5,100.728,80.2096,99.5933
540,20,GA-guided(4-criterion),5,1.976,0.5992,0.744
540,20,Regular(2-criterion),5,117.62,71.8339,89.1935
540,30,GA-guided(4-criterion),5,5.572,1.0258,1.2737
540,30,Regular(2-criterion),5,127.156,68.839,85.475
540,50,GA-guided(4-criterion),5,14.372,1.477,1.8339
540,50,Regular(2-criterion),5,139.212,66.4002,82.4468
540,80,GA-guided(4-criterion),5,24.784,1.8042,2.2402
540,80,Regular(2-criterion),5,158.976,57.6776,71.6162
540,100,GA-guided(4-criterion),5,29.048,1.4649,1.8189
540,100,Regular(2-criterion),5,165.14,58.0379,72.0636
720,10,GA-guided(4-criterion),5,0.124,0.1699,0.211
720,10,Regular(2-criterion),5,102.964,119.7356,148.6714
720,20,GA-guided(4-criterion),5,0.116,0.1857,0.2306
720,20,Regular(2-criterion),5,126.772,108.7302,135.0064
720,30,GA-guided(4-criterion),5,0.096,0.1819,0.2258
720,30,Regular(2-criterion),5,136.788,103.469,128.4738
720,50,GA-guided(4-criterion),5,1.26,0.7596,0.9432
720,50,Regular(2-criterion),5,148.276,99.7779,123.8907
720,80,GA-guided(4-criterion),5,2.596,1.1544,1.4334
720,80,Regular(2-criterion),5,157.504,95.0251,117.9893
720,100,GA-guided(4-criterion),5,6.152,1.3213,1.6406
720,100,Regular(2-criterion),5,160.836,94.3747,117.1816
1080,10,GA-guided(4-criterion),5,0.26,0.4276,0.5309
1080,10,Regular(2-criterion),5,101.844,199.2497,247.4012
1080,20,GA-guided(4-criterion),5,0.284,0.3895,0.4836
1080,20,Regular(2-criterion),5,113.66,192.7614,239.3449
1080,30,GA-guided(4-criterion),5,0.284,0.3556,0.4416
1080,30,Regular(2-criterion),5,139.66,182.4795,226.5782
1080,50,GA-guided(4-criterion),5,0.324,0.4504,0.5593
1080,50,Regular(2-criterion),5,155.22,177.4633,220.3498
1080,80,GA-guided(4-criterion),5,0.196,0.2941,0.3651
1080,80,Regular(2-criterion),5,171.608,173.2917,215.1701
1080,100,GA-guided(4-criterion),5,0.12,0.1738,0.2158
1080,100,Regular(2-criterion),5,179.516,171.712,213.2086
1440,10,GA-guided(4-criterion),5,0.456,0.567,0.704
1440,10,Regular(2-criterion),5,123.78,245.0707,304.2955
1440,20,GA-guided(4-criterion),5,0.384,0.5086,0.6315
1440,20,Regular(2-criterion),5,131.628,262.0076,325.3254
1440,30,GA-guided(4-criterion),5,0.348,0.4599,0.5711
1440,30,Regular(2-criterion),5,133.416,263.6278,327.3372
1440,50,GA-guided(4-criterion),5,0.332,0.459,0.57
1440,50,Regular(2-criterion),5,138.7,261.6252,324.8506
1440,80,GA-guided(4-criterion),5,0.3,0.4243,0.5268
1440,80,Regular(2-criterion),5,153.412,255.5643,317.3249
1440,100,GA-guided(4-criterion),5,0.296,0.4208,0.5225
1440,100,Regular(2-criterion),5,172.416,247.0592,306.7645
