duration_int,return_period_int,model,n_seeds,n_switches_mean,n_switches_std,n_switches_ci95_half
60,10,GA-guided(4-criterion),5,12.32,1.2512,1.5536
60,10,Regular(2-criterion),5,13.044,5.609,6.9644
60,20,GA-guided(4-criterion),5,12.164,0.7706,0.9569
60,20,Regular(2-criterion),5,13.884,5.3261,6.6132
60,30,GA-guided(4-criterion),5,11.62,1.039,1.2901
60,30,Regular(2-criterion),5,12.72,3.242,4.0255
60,50,GA-guided(4-criterion),5,11.496,1.1359,1.4104
60,50,Regular(2-criterion),5,12.456,2.906,3.6082
60,80,GA-guided(4-criterion),5,11.364,0.8719,1.0827
60,80,Regular(2-criterion),5,13.62,3.331,4.136
60,100,GA-guided(4-criterion),5,11.02,0.7716,0.9581
60,100,Regular(2-criterion),5,12.316,2.145,2.6634
120,10,GA-guided(4-criterion),5,13.552,1.9839,2.4634
120,10,Regular(2-criterion),5,16.868,4.24,5.2647
120,20,GA-guided(4-criterion),5,14.34,2.0763,2.5781
120,20,Regular(2-criterion),5,15.548,3.3194,4.1216
120,30,GA-guided(4-criterion),5,13.724,1.8549,2.3032
120,30,Regular(2-criterion),5,15.776,4.6932,5.8274
120,50,GA-guided(4-criterion),5,13.312,1.1955,1.4844
120,50,Regular(2-criterion),5,16.02,4.7783,5.933
120,80,GA-guided(4-criterion),5,12.816,1.2606,1.5652
120,80,Regular(2-criterion),5,15.104,3.9289,4.8784
120,100,GA-guided(4-criterion),5,12.496,1.3813,1.7152
120,100,Regular(2-criterion),5,15.652,5.2163,6.4768
180,10,GA-guided(4-criterion),5,15.3,1.9275,2.3934
180,10,Regular(2-criterion),5,17.252,3.3311,4.1361
180,20,GA-guided(4-criterion),5,15.788,3.188,3.9585
180,20,Regular(2-criterion),5,17.452,4.1258,5.1229
180,30,GA-guided(4-criterion),5,15.764,2.877,3.5723
180,30,Regular(2-criterion),5,17.544,2.7944,3.4697
180,50,GA-guided(4-criterion),5,16.236,2.8841,3.5811
180,50,Regular(2-criterion),5,17.008,2.349,2.9167
180,80,GA-guided(4-criterion),5,15.86,3.1847,3.9543
180,80,Regular(2-criterion),5,17.688,2.9073,3.6099
180,100,GA-guided(4-criterion),5,15.092,2.1375,2.6541
180,100,Regular(2-criterion),5,16.12,2.2276,2.7659
240,10,GA-guided(4-criterion),5,17.304,1.633,2.0276
240,10,Regular(2-criterion),5,16.924,2.7286,3.388
240,20,GA-guided(4-criterion),5,18.6,3.1917,3.963
240,20,Regular(2-criterion),5,18.632,3.15,3.9113
240,30,GA-guided(4-criterion),5,19.164,3.8875,4.8269
240,30,Regular(2-criterion),5,17.572,2.485,3.0855
240,50,GA-guided(4-criterion),5,19.732,4.2845,5.32
240,50,Regular(2-criterion),5,18.096,2.4101,2.9925
240,80,GA-guided(4-criterion),5,19.604,3.9469,4.9007
240,80,Regular(2-criterion),5,17.02,3.5843,4.4505
240,100,GA-guided(4-criterion),5,19.224,3.0908,3.8377
240,100,Regular(2-criterion),5,17.144,2.8474,3.5355
360,10,GA-guided(4-criterion),5,22.124,3.0802,3.8246
360,10,Regular(2-criterion),5,17.744,3.582,4.4477
360,20,GA-guided(4-criterion),5,23.32,1.9338,2.4011
360,20,Regular(2-criterion),5,17.716,3.3203,4.1227
360,30,GA-guided(4-criterion),5,24.352,3.1808,3.9495
360,30,Regular(2-criterion),5,18.252,2.8436,3.5309
360,50,GA-guided(4-criterion),5,24.424,4.4362,5.5083
360,50,Regular(2-criterion),5,19.18,2.9709,3.6889
360,80,GA-guided(4-criterion),5,25.088,6.8699,8.5301
360,80,Regular(2-criterion),5,18.624,2.5208,3.13
360,100,GA-guided(4-criterion),5,25.788,7.2549,9.0082
360,100,Regular(2-criterion),5,18.748,3.7202,4.6193
540,10,GA-guided(4-criterion),5,33.436,6.112,7.5891
540,10,Regular(2-criterion),5,17.48,7.1521,8.8805
540,20,GA-guided(4-criterion),5,30.856,5.164,6.4119
540,20,Regular(2-criterion),5,18.156,6.2509,7.7615
540,30,GA-guided(4-criterion),5,29.536,4.3303,5.3767
540,30,Regular(2-criterion),5,18.576,7.2494,9.0014
540,50,GA-guided(4-criterion),5,31.388,3.8652,4.7992
540,50,Regular(2-criterion),5,17.828,5.6093,6.9648
540,80,GA-guided(4-criterion),5,33.732,4.1782,5.1879
540,80,Regular(2-criterion),5,19.668,5.1312,6.3712
540,100,GA-guided(4-criterion),5,33.98,4.907,6.0928
540,100,Regular(2-criterion),5,18.996,3.7751,4.6875
720,10,GA-guided(4-criterion),5,43.076,9.2255,11.455
720,10,Regular(2-criterion),5,20.324,12.5942,15.6377
720,20,GA-guided(4-criterion),5,44.784,8.4188,10.4533
720,20,Regular(2-criterion),5,18.444,10.0067,12.4249
720,30,GA-guided(4-criterion),5,44.28,8.2728,10.2721
720,30,Regular(2-criterion),5,18.84,10.2662,12.7471
720,50,GA-guided(4-criterion),5,42.928,8.1311,10.096
720,50,Regular(2-criterion),5,18.236,7.935,9.8526
720,80,GA-guided(4-criterion),5,38.972,7.1587,8.8887
720,80,Regular(2-criterion),5,19.744,9.8666,12.251
720,100,GA-guided(4-criterion),5,39.236,6.7471,8.3776
720,100,Regular(2-criterion),5,18.384,8.3277,10.3402
1080,10,GA-guided(4-criterion),5,65.352,12.963,16.0957
1080,10,Regular(2-criterion),5,22.872,14.0879,17.4924
1080,20,GA-guided(4-criterion),5,65.612,13.1263,16.2985
1080,20,Regular(2-criterion),5,23.132,15.138,18.7963
1080,30,GA-guided(4-criterion),5,64.988,13.7403,17.0608
1080,30,Regular(2-criterion),5,22.26,14.3202,17.7809
1080,50,GA-guided(4-criterion),5,63.224,13.2412,16.4411
1080,50,Regular(2-criterion),5,21.508,13.0597,16.2157
1080,80,GA-guided(4-criterion),5,64.672,12.8212,15.9196
1080,80,Regular(2-criterion),5,21.516,12.5604,15.5958
1080,100,GA-guided(4-criterion),5,65.716,11.8634,14.7303
1080,100,Regular(2-criterion),5,22.62,12.7161,15.7891
1440,10,GA-guided(4-criterion),5,78.24,14.2062,17.6394
1440,10,Regular(2-criterion),5,32.54,19.796,24.58
1440,20,GA-guided(4-criterion),5,83.544,15.747,19.5524
1440,20,Regular(2-criterion),5,27.408,16.5053,20.494
1440,30,GA-guided(4-criterion),5,86.204,17.136,21.2771
1440,30,Regular(2-criterion),5,24.092,16.6706,20.6993
1440,50,GA-guided(4-criterion),5,87.452,15.229,18.9093
1440,50,Regular(2-criterion),5,25.252,16.6025,20.6148
1440,80,GA-guided(4-criterion),5,86.868,16.7079,20.7456
1440,80,Regular(2-criterion),5,24.864,16.9529,21.0499
1440,100,GA-guided(4-criterion),5,85.488,16.2138,20.1321
1440,100,Regular(2-criterion),5,25.452,14.5152,18.023
