L,gamma_h,forecast,duration_min,n_scenarios,overflow_rate,mean_max_level_m,mean_act0_lock_rate
1,1.0,perfect,0060,30,1,10.0,1.0
1,1.0,perfect,0120,30,1,10.0,1.0
1,1.0,perfect,0180,30,1,10.0,1.0
1,1.0,perfect,0240,30,1,10.0,1.0
1,1.0,perfect,0360,30,1,10.0,1.0
1,1.0,perfect,0540,30,1,10.0,1.0
1,1.0,perfect,0720,30,1,10.0,1.0
1,1.0,perfect,1080,30,1,10.0,1.0
1,1.0,perfect,1440,30,1,10.0,1.0
2,0.9,perfect,0060,30,0,9.4086,0.5724
2,0.9,perfect,0120,30,0,9.5694,0.5348
2,0.9,perfect,0180,30,0,9.3872,0.4814
2,0.9,perfect,0240,30,0,9.4106,0.4689
2,0.9,perfect,0360,30,0,9.3946,0.5144
2,0.9,perfect,0540,30,0,9.3974,0.5256
2,0.9,perfect,0720,30,0,9.3941,0.5857
2,0.9,perfect,1080,30,0,9.4039,0.5845
2,0.9,perfect,1440,30,0,9.4014,0.6268
2,0.9,persistence,0060,30,0,9.4086,0.5741
2,0.9,persistence,0120,30,0,9.5694,0.5345
2,0.9,persistence,0180,30,0,9.3872,0.4805
2,0.9,persistence,0240,30,0,9.4106,0.4685
2,0.9,persistence,0360,30,0,9.3946,0.5151
2,0.9,persistence,0540,30,0,9.3974,0.5256
2,0.9,persistence,0720,30,0,9.3941,0.5857
2,0.9,persistence,1080,30,0,9.4039,0.5817
2,0.9,persistence,1440,30,0,9.4011,0.6269
2,1.0,perfect,0060,30,0,9.2734,0.55
2,1.0,perfect,0120,30,0,9.3292,0.5269
2,1.0,perfect,0180,30,0,9.1783,0.4828
2,1.0,perfect,0240,30,0,9.1789,0.4662
2,1.0,perfect,0360,30,0,9.1785,0.5035
2,1.0,perfect,0540,30,0,9.2002,0.5143
2,1.0,perfect,0720,30,0,9.1867,0.571
2,1.0,perfect,1080,30,0,9.1982,0.588
2,1.0,perfect,1440,30,0,9.1997,0.631
2,1.0,persistence,0060,30,0,9.2734,0.5494
2,1.0,persistence,0120,30,0,9.3292,0.5273
2,1.0,persistence,0180,30,0,9.1783,0.4836
2,1.0,persistence,0240,30,0,9.1789,0.4669
2,1.0,persistence,0360,30,0,9.1785,0.5045
2,1.0,persistence,0540,30,0,9.2002,0.5132
2,1.0,persistence,0720,30,0,9.1867,0.5709
2,1.0,persistence,1080,30,0,9.1982,0.5882
2,1.0,persistence,1440,30,0,9.1997,0.6311
3,0.9,perfect,0060,30,0,8.0853,0.5264
3,0.9,perfect,0120,30,0,8.0977,0.4917
3,0.9,perfect,0180,30,0,8.0787,0.4257
3,0.9,perfect,0240,30,0,8.0949,0.4135
3,0.9,perfect,0360,30,0,8.1059,0.4593
3,0.9,perfect,0540,30,0,8.1122,0.4733
3,0.9,perfect,0720,30,0,8.1285,0.5236
3,0.9,perfect,1080,30,0,8.1307,0.5854
3,0.9,perfect,1440,30,0,8.1341,0.6303
3,0.9,persistence,0060,30,0,8.0964,0.527
3,0.9,persistence,0120,30,0,8.0977,0.4924
3,0.9,persistence,0180,30,0,8.0787,0.4198
3,0.9,persistence,0240,30,0,8.0949,0.411
3,0.9,persistence,0360,30,0,8.1078,0.4564
3,0.9,persistence,0540,30,0,8.1122,0.4726
3,0.9,persistence,0720,30,0,8.1285,0.5235
3,0.9,persistence,1080,30,0,8.1307,0.5856
3,0.9,persistence,1440,30,0,8.1341,0.6299
3,1.0,perfect,0060,30,0,7.9104,0.4569
3,1.0,perfect,0120,30,0,7.9173,0.458
3,1.0,perfect,0180,30,0,7.9374,0.4144
3,1.0,perfect,0240,30,0,7.9423,0.3971
3,1.0,perfect,0360,30,0,7.9535,0.446
3,1.0,perfect,0540,30,0,7.9728,0.4575
3,1.0,perfect,0720,30,0,8.0018,0.4997
3,1.0,perfect,1080,30,0,8.0032,0.5753
3,1.0,perfect,1440,30,0,8.0045,0.6053
3,1.0,persistence,0060,30,0,7.9104,0.4672
3,1.0,persistence,0120,30,0,7.9224,0.4625
3,1.0,persistence,0180,30,0,7.9374,0.4167
3,1.0,persistence,0240,30,0,7.9423,0.3995
3,1.0,persistence,0360,30,0,7.9535,0.4466
3,1.0,persistence,0540,30,0,7.9732,0.4575
3,1.0,persistence,0720,30,0,8.0018,0.4997
3,1.0,persistence,1080,30,0,8.0037,0.5721
3,1.0,persistence,1440,30,0,8.0045,0.6056
4,0.9,perfect,0060,30,0,7.6206,0.4966
4,0.9,perfect,0120,30,0,7.6397,0.4652
4,0.9,perfect,0180,30,0,7.6203,0.4034
4,0.9,perfect,0240,30,0,7.6992,0.3953
4,0.9,perfect,0360,30,0,7.7036,0.4386
4,0.9,perfect,0540,30,0,7.7515,0.4499
4,0.9,perfect,0720,30,0,7.7896,0.5362
4,0.9,perfect,1080,30,0,7.7988,0.5855
4,0.9,perfect,1440,30,0,7.8043,0.6182
4,0.9,persistence,0060,30,0,7.644,0.492
4,0.9,persistence,0120,30,0,7.6397,0.4576
4,0.9,persistence,0180,30,0,7.6357,0.4037
4,0.9,persistence,0240,30,0,7.7052,0.3917
4,0.9,persistence,0360,30,0,7.7087,0.4367
4,0.9,persistence,0540,30,0,7.7514,0.4492
4,0.9,persistence,0720,30,0,7.7893,0.5342
4,0.9,persistence,1080,30,0,7.7983,0.5865
4,0.9,persistence,1440,30,0,7.8048,0.6163
4,1.0,perfect,0060,30,0,7.2864,0.3874
4,1.0,perfect,0120,30,0,7.3291,0.4042
4,1.0,perfect,0180,30,0,7.3562,0.378
4,1.0,perfect,0240,30,0,7.3974,0.3617
4,1.0,perfect,0360,30,0,7.4509,0.4117
4,1.0,perfect,0540,30,0,7.5121,0.4238
4,1.0,perfect,0720,30,0,7.5302,0.4943
4,1.0,perfect,1080,30,0,7.5418,0.5521
4,1.0,perfect,1440,30,0,7.5504,0.59
4,1.0,persistence,0060,30,0,7.3331,0.4178
4,1.0,persistence,0120,30,0,7.358,0.4216
4,1.0,persistence,0180,30,0,7.3709,0.3828
4,1.0,persistence,0240,30,0,7.4083,0.3671
4,1.0,persistence,0360,30,0,7.4509,0.4168
4,1.0,persistence,0540,30,0,7.515,0.4247
4,1.0,persistence,0720,30,0,7.5304,0.4967
4,1.0,persistence,1080,30,0,7.5427,0.5522
4,1.0,persistence,1440,30,0,7.5515,0.5895
5,0.9,perfect,0060,30,0,7.2747,0.4672
5,0.9,perfect,0120,30,0,7.3124,0.4519
5,0.9,perfect,0180,30,0,7.3623,0.4014
5,0.9,perfect,0240,30,0,7.4008,0.3876
5,0.9,perfect,0360,30,0,7.4601,0.4346
5,0.9,perfect,0540,30,0,7.5383,0.4109
5,0.9,perfect,0720,30,0,7.5568,0.4546
5,0.9,perfect,1080,30,0,7.5697,0.489
5,0.9,perfect,1440,30,0,7.5785,0.5271
5,0.9,persistence,0060,30,0,7.3128,0.4782
5,0.9,persistence,0120,30,0,7.3642,0.4587
5,0.9,persistence,0180,30,0,7.3669,0.404
5,0.9,persistence,0240,30,0,7.4139,0.3849
5,0.9,persistence,0360,30,0,7.4605,0.434
5,0.9,persistence,0540,30,0,7.5379,0.4122
5,0.9,persistence,0720,30,0,7.5577,0.4621
5,0.9,persistence,1080,30,0,7.5705,0.488
5,0.9,persistence,1440,30,0,7.5784,0.527
5,1.0,perfect,0060,30,0,7.0156,0.3213
5,1.0,perfect,0120,30,0,7.1108,0.3504
5,1.0,perfect,0180,30,0,7.0846,0.3401
5,1.0,perfect,0240,30,0,7.1085,0.325
5,1.0,perfect,0360,30,0,7.1643,0.3785
5,1.0,perfect,0540,30,0,7.1659,0.3444
5,1.0,perfect,0720,30,0,7.1788,0.3743
5,1.0,perfect,1080,30,0,7.2112,0.4263
5,1.0,perfect,1440,30,0,7.2192,0.4621
5,1.0,persistence,0060,30,0,7.0577,0.3638
5,1.0,persistence,0120,30,0,7.1402,0.3708
5,1.0,persistence,0180,30,0,7.0945,0.3472
5,1.0,persistence,0240,30,0,7.1243,0.3351
5,1.0,persistence,0360,30,0,7.1677,0.3886
5,1.0,persistence,0540,30,0,7.1726,0.3473
5,1.0,persistence,0720,30,0,7.1809,0.3759
5,1.0,persistence,1080,30,0,7.2112,0.4266
5,1.0,persistence,1440,30,0,7.2189,0.4639
