scenario_id,return_period,duration_min,L,forecast,n_decisions,max_level_m,overflow,n_switches,steps_to_first_pump,n_dryrun_proxy
10yr_0060m_h229,10,0060,2,perfect,58,5.5145,0,12,13,0
10yr_0060m_h229,10,0060,3,perfect,58,5.7475,0,11,11,0
10yr_0060m_h229,10,0060,5,perfect,58,6.0477,0,9,11,0
10yr_0180m_h385,10,0180,2,perfect,118,5.3975,0,20,9,0
10yr_0180m_h385,10,0180,3,perfect,118,5.591,0,30,8,0
10yr_0180m_h385,10,0180,5,perfect,118,6.3516,0,16,13,0
10yr_0180m_h395,10,0180,2,perfect,118,5.5087,0,19,9,0
10yr_0180m_h395,10,0180,3,perfect,118,5.5982,0,22,8,0
10yr_0180m_h395,10,0180,5,perfect,118,6.3497,0,15,14,0
10yr_0120m_h312,10,0120,2,perfect,88,5.3902,0,18,18,0
10yr_0120m_h312,10,0120,3,perfect,88,5.8028,0,16,16,0
10yr_0120m_h312,10,0120,5,perfect,88,6.104,0,12,16,0
10yr_0060m_h193,10,0060,2,perfect,58,5.421,0,15,12,0
10yr_0060m_h193,10,0060,3,perfect,58,5.8154,0,12,10,0
10yr_0060m_h193,10,0060,5,perfect,58,6.0109,0,10,10,0
10yr_0120m_h362,10,0120,2,perfect,88,5.3837,0,20,20,0
10yr_0120m_h362,10,0120,3,perfect,88,5.8229,0,14,18,0
10yr_0120m_h362,10,0120,5,perfect,88,6.1063,0,11,18,0
10yr_0120m_h248,10,0120,2,perfect,88,5.4893,0,18,8,0
10yr_0120m_h248,10,0120,3,perfect,88,5.8622,0,14,6,0
10yr_0120m_h248,10,0120,5,perfect,88,6.2231,0,10,11,0
10yr_0120m_h345,10,0120,2,perfect,88,5.4042,0,17,20,0
10yr_0120m_h345,10,0120,3,perfect,88,5.8307,0,15,18,0
10yr_0120m_h345,10,0120,5,perfect,88,6.0808,0,10,18,0
10yr_0060m_h207,10,0060,2,perfect,58,5.5011,0,13,12,0
10yr_0060m_h207,10,0060,3,perfect,58,5.808,0,12,10,0
10yr_0060m_h207,10,0060,5,perfect,58,5.9883,0,10,10,0
10yr_0060m_h195,10,0060,2,perfect,58,5.5084,0,13,12,0
10yr_0060m_h195,10,0060,3,perfect,58,5.8089,0,13,10,0
10yr_0060m_h195,10,0060,5,perfect,58,5.9838,0,10,10,0
10yr_0180m_h431,10,0180,2,perfect,118,5.4135,0,24,18,0
10yr_0180m_h431,10,0180,3,perfect,118,5.4217,0,22,16,0
10yr_0180m_h431,10,0180,5,perfect,118,6.3853,0,11,16,0
10yr_0060m_h244,10,0060,2,perfect,58,5.4551,0,10,13,0
10yr_0060m_h244,10,0060,3,perfect,58,5.8396,0,11,12,0
10yr_0060m_h244,10,0060,5,perfect,58,6.0537,0,11,12,0
10yr_0180m_h429,10,0180,2,perfect,118,5.4154,0,22,18,0
10yr_0180m_h429,10,0180,3,perfect,118,5.6748,0,18,16,0
10yr_0180m_h429,10,0180,5,perfect,118,6.2159,0,15,16,0
10yr_0120m_h349,10,0120,2,perfect,88,5.4768,0,18,20,0
10yr_0120m_h349,10,0120,3,perfect,88,5.8086,0,15,18,0
10yr_0120m_h349,10,0120,5,perfect,88,6.0566,0,11,18,0
10yr_0180m_h472,10,0180,2,perfect,118,5.4428,0,14,25,0
10yr_0180m_h472,10,0180,3,perfect,118,5.6535,0,16,24,0
10yr_0180m_h472,10,0180,5,perfect,118,6.1427,0,15,25,0
10yr_0240m_h515,10,0240,2,perfect,148,5.4612,0,22,11,0
10yr_0240m_h515,10,0240,3,perfect,148,5.5966,0,24,9,0
10yr_0240m_h515,10,0240,5,perfect,148,6.4112,0,16,9,0
10yr_0360m_h672,10,0360,2,perfect,208,5.5125,0,27,28,0
10yr_0360m_h672,10,0360,3,perfect,208,5.8016,0,39,26,0
10yr_0360m_h672,10,0360,5,perfect,208,6.4361,0,24,27,0
10yr_0240m_h532,10,0240,2,perfect,148,5.4103,0,22,21,0
10yr_0240m_h532,10,0240,3,perfect,148,5.6025,0,16,20,1
10yr_0240m_h532,10,0240,5,perfect,148,6.3334,0,16,20,0
10yr_0240m_h522,10,0240,2,perfect,148,5.5016,0,21,11,0
10yr_0240m_h522,10,0240,3,perfect,148,5.6012,0,20,9,0
10yr_0240m_h522,10,0240,5,perfect,148,6.416,0,15,9,0
10yr_0240m_h602,10,0240,2,perfect,148,5.4849,0,19,30,0
10yr_0240m_h602,10,0240,3,perfect,148,5.72,0,24,28,0
10yr_0240m_h602,10,0240,5,perfect,148,6.1666,0,16,30,0
10yr_0240m_h600,10,0240,2,perfect,148,5.394,0,20,29,0
10yr_0240m_h600,10,0240,3,perfect,148,5.7513,0,27,28,0
10yr_0240m_h600,10,0240,5,perfect,148,6.2107,0,19,30,0
10yr_0360m_h685,10,0360,2,perfect,208,5.4966,0,26,32,0
10yr_0360m_h685,10,0360,3,perfect,208,5.6217,0,36,31,0
10yr_0360m_h685,10,0360,5,perfect,208,6.4543,0,24,33,0
10yr_0360m_h696,10,0360,2,perfect,208,5.4558,0,36,32,0
10yr_0360m_h696,10,0360,3,perfect,208,5.6125,0,34,31,0
10yr_0360m_h696,10,0360,5,perfect,208,6.3762,0,24,33,0
10yr_0540m_h800,10,0540,2,perfect,298,5.4326,0,38,36,0
10yr_0540m_h800,10,0540,3,perfect,298,5.3151,0,56,35,0
10yr_0540m_h800,10,0540,5,perfect,298,6.0224,0,34,37,0
10yr_0360m_h658,10,0360,2,perfect,208,5.5286,0,23,28,0
10yr_0360m_h658,10,0360,3,perfect,208,5.6564,0,34,26,0
10yr_0360m_h658,10,0360,5,perfect,208,6.3898,0,23,27,0
10yr_0360m_h668,10,0360,2,perfect,208,5.445,0,23,28,0
10yr_0360m_h668,10,0360,3,perfect,208,5.6166,0,34,26,0
10yr_0360m_h668,10,0360,5,perfect,208,6.4459,0,22,27,0
10yr_0540m_h860,10,0540,2,perfect,298,5.491,0,37,47,0
10yr_0540m_h860,10,0540,3,perfect,298,5.2263,0,62,46,0
10yr_0540m_h860,10,0540,5,perfect,298,5.9057,0,36,51,0
10yr_0540m_h774,10,0540,2,perfect,298,5.4776,0,44,17,0
10yr_0540m_h774,10,0540,3,perfect,298,5.2994,0,64,15,0
10yr_0540m_h774,10,0540,5,perfect,298,6.0657,0,36,16,0
10yr_0540m_h824,10,0540,2,perfect,298,5.5193,0,42,41,0
10yr_0540m_h824,10,0540,3,perfect,298,5.2637,0,61,40,0
10yr_0540m_h824,10,0540,5,perfect,298,6.1035,0,32,43,0
10yr_0720m_h923,10,0720,2,perfect,388,5.4552,0,52,44,0
10yr_0720m_h923,10,0720,3,perfect,388,5.2928,0,76,43,0
10yr_0720m_h923,10,0720,5,perfect,388,5.7128,0,46,46,0
10yr_0540m_h830,10,0540,2,perfect,298,5.4977,0,40,41,0
10yr_0540m_h830,10,0540,3,perfect,298,5.2305,0,62,40,0
10yr_0540m_h830,10,0540,5,perfect,298,6.1228,0,36,43,0
100yr_0060m_h140,100,0060,2,perfect,58,5.4362,0,10,4,0
100yr_0060m_h140,100,0060,3,perfect,58,5.9429,0,11,3,0
100yr_0060m_h140,100,0060,5,perfect,58,5.9746,0,9,5,0
10yr_0720m_h922,10,0720,2,perfect,388,5.4451,0,52,44,0
10yr_0720m_h922,10,0720,3,perfect,388,5.3154,0,74,43,0
10yr_0720m_h922,10,0720,5,perfect,388,5.6093,0,48,46,0
100yr_0060m_h185,100,0060,2,perfect,58,6.0765,0,10,7,0
100yr_0060m_h185,100,0060,3,perfect,58,6.3175,0,10,6,0
100yr_0060m_h185,100,0060,5,perfect,58,6.3586,0,8,9,0
100yr_0060m_h231,100,0060,2,perfect,58,6.2298,0,12,11,0
100yr_0060m_h231,100,0060,3,perfect,58,6.4446,0,12,9,0
100yr_0060m_h231,100,0060,5,perfect,58,6.5268,0,11,9,0
10yr_0720m_h942,10,0720,2,perfect,388,5.4712,0,52,50,0
10yr_0720m_h942,10,0720,3,perfect,388,5.3031,0,75,50,0
10yr_0720m_h942,10,0720,5,perfect,388,5.7837,0,50,54,0
100yr_0060m_h144,100,0060,2,perfect,58,5.6939,0,9,4,0
100yr_0060m_h144,100,0060,3,perfect,58,5.9861,0,11,3,0
100yr_0060m_h144,100,0060,5,perfect,58,6.0785,0,10,5,0
10yr_0720m_h912,10,0720,2,perfect,388,5.4515,0,52,44,0
10yr_0720m_h912,10,0720,3,perfect,388,5.3187,0,71,43,0
10yr_0720m_h912,10,0720,5,perfect,388,5.6274,0,48,46,0
100yr_0060m_h152,100,0060,2,perfect,58,5.4381,0,10,4,0
100yr_0060m_h152,100,0060,3,perfect,58,5.9259,0,9,3,0
100yr_0060m_h152,100,0060,5,perfect,58,6.0144,0,9,5,0
100yr_0120m_h322,100,0120,2,perfect,88,6.1972,0,14,14,0
100yr_0120m_h322,100,0120,3,perfect,88,6.4337,0,12,13,0
100yr_0120m_h322,100,0120,5,perfect,88,6.4063,0,11,13,0
100yr_0120m_h277,100,0120,2,perfect,88,5.4187,0,15,6,0
100yr_0120m_h277,100,0120,3,perfect,88,5.8115,0,11,5,0
100yr_0120m_h277,100,0120,5,perfect,88,6.0461,0,9,8,0
10yr_0720m_h943,10,0720,2,perfect,388,5.4476,0,52,50,0
10yr_0720m_h943,10,0720,3,perfect,388,5.3124,0,74,49,0
10yr_0720m_h943,10,0720,5,perfect,388,5.8512,0,48,53,0
100yr_0120m_h366,100,0120,2,perfect,88,6.5379,0,10,16,0
100yr_0120m_h366,100,0120,3,perfect,88,6.5379,0,13,14,0
100yr_0120m_h366,100,0120,5,perfect,88,6.668,0,11,14,0
10yr_1080m_h1023,10,1080,2,perfect,568,5.3922,0,88,58,0
10yr_1080m_h1023,10,1080,3,perfect,568,5.3231,0,112,58,0
10yr_1080m_h1023,10,1080,5,perfect,568,5.6854,0,66,63,0
100yr_0120m_h318,100,0120,2,perfect,88,6.166,0,12,14,0
100yr_0120m_h318,100,0120,3,perfect,88,6.3832,0,14,13,0
100yr_0120m_h318,100,0120,5,perfect,88,6.4927,0,11,13,0
100yr_0120m_h335,100,0120,2,perfect,88,6.1843,0,13,14,0
100yr_0120m_h335,100,0120,3,perfect,88,6.2862,0,12,12,1
100yr_0120m_h335,100,0120,5,perfect,88,6.5103,0,11,13,0
10yr_1080m_h1061,10,1080,2,perfect,568,5.3832,0,82,67,0
10yr_1080m_h1061,10,1080,3,perfect,568,5.3185,0,108,67,0
10yr_1080m_h1061,10,1080,5,perfect,568,5.6844,0,74,73,0
10yr_1080m_h1110,10,1080,2,perfect,568,5.3889,0,88,71,0
10yr_1080m_h1110,10,1080,3,perfect,568,5.2998,0,130,73,0
10yr_1080m_h1110,10,1080,5,perfect,568,5.6474,0,88,84,0
100yr_0180m_h465,100,0180,2,perfect,118,6.0451,0,13,21,0
100yr_0180m_h465,100,0180,3,perfect,118,6.3351,0,19,19,0
100yr_0180m_h465,100,0180,5,perfect,118,6.4173,0,15,20,0
100yr_0180m_h433,100,0180,2,perfect,118,5.4834,0,20,15,1
100yr_0180m_h433,100,0180,3,perfect,118,5.7583,0,20,13,0
100yr_0180m_h433,100,0180,5,perfect,118,6.1757,0,17,13,0
100yr_0180m_h490,100,0180,2,perfect,118,6.0795,0,15,21,0
100yr_0180m_h490,100,0180,3,perfect,118,6.3211,0,19,19,1
100yr_0180m_h490,100,0180,5,perfect,118,6.3348,0,13,19,1
100yr_0180m_h472,100,0180,2,perfect,118,6.0496,0,13,21,0
100yr_0180m_h472,100,0180,3,perfect,118,6.36,0,18,19,0
100yr_0180m_h472,100,0180,5,perfect,118,6.2557,0,13,19,0
10yr_1080m_h1095,10,1080,2,perfect,568,5.3895,0,88,70,0
10yr_1080m_h1095,10,1080,3,perfect,568,5.2973,0,135,72,0
10yr_1080m_h1095,10,1080,5,perfect,568,5.637,0,90,83,0
100yr_0180m_h428,100,0180,2,perfect,118,5.4035,0,22,15,0
100yr_0180m_h428,100,0180,3,perfect,118,5.8379,0,19,13,0
100yr_0180m_h428,100,0180,5,perfect,118,6.1277,0,15,13,0
100yr_0240m_h602,100,0240,2,perfect,148,5.4439,0,17,24,0
100yr_0240m_h602,100,0240,3,perfect,148,5.9675,0,30,22,0
100yr_0240m_h602,100,0240,5,perfect,148,6.0908,0,22,24,0
10yr_1080m_h1089,10,1080,2,perfect,568,5.4132,0,92,70,0
10yr_1080m_h1089,10,1080,3,perfect,568,5.3435,0,130,72,0
10yr_1080m_h1089,10,1080,5,perfect,568,5.6254,0,88,83,0
100yr_0240m_h549,100,0240,2,perfect,148,5.4548,0,30,18,0
100yr_0240m_h549,100,0240,3,perfect,148,5.8089,0,26,16,0
100yr_0240m_h549,100,0240,5,perfect,148,6.1178,0,19,16,0
100yr_0240m_h585,100,0240,2,perfect,148,5.4251,0,28,21,0
100yr_0240m_h585,100,0240,3,perfect,148,5.81,0,28,19,0
100yr_0240m_h585,100,0240,5,perfect,148,6.1804,0,13,20,0
100yr_0240m_h519,100,0240,2,perfect,148,5.453,0,34,9,0
100yr_0240m_h519,100,0240,3,perfect,148,5.8237,0,22,7,0
100yr_0240m_h519,100,0240,5,perfect,148,6.1892,0,23,7,0
100yr_0240m_h615,100,0240,2,perfect,148,5.4324,0,20,24,0
100yr_0240m_h615,100,0240,3,perfect,148,5.834,0,22,22,0
100yr_0240m_h615,100,0240,5,perfect,148,6.1228,0,18,24,0
100yr_0360m_h670,100,0360,2,perfect,208,5.3945,0,32,23,0
100yr_0360m_h670,100,0360,3,perfect,208,5.8286,0,32,21,0
100yr_0360m_h670,100,0360,5,perfect,208,6.2974,0,16,22,0
100yr_0360m_h690,100,0360,2,perfect,208,5.4951,0,35,26,0
100yr_0360m_h690,100,0360,3,perfect,208,5.814,0,43,25,0
100yr_0360m_h690,100,0360,5,perfect,208,6.2168,0,27,26,0
100yr_0360m_h699,100,0360,2,perfect,208,5.4625,0,32,26,1
100yr_0360m_h699,100,0360,3,perfect,208,5.8196,0,40,25,0
100yr_0360m_h699,100,0360,5,perfect,208,6.2125,0,28,26,0
100yr_0360m_h659,100,0360,2,perfect,208,5.4488,0,30,23,0
100yr_0360m_h659,100,0360,3,perfect,208,5.8302,0,33,21,0
100yr_0360m_h659,100,0360,5,perfect,208,6.202,0,20,22,0
100yr_0360m_h732,100,0360,2,perfect,208,5.4706,0,39,29,0
100yr_0360m_h732,100,0360,3,perfect,208,5.8185,0,39,28,1
100yr_0360m_h732,100,0360,5,perfect,208,6.2605,0,30,30,0
10yr_1440m_h1176,10,1440,2,perfect,748,5.3595,0,96,71,0
10yr_1440m_h1176,10,1440,3,perfect,748,5.3412,0,120,72,0
10yr_1440m_h1176,10,1440,5,perfect,748,5.6592,0,78,79,0
10yr_1440m_h1152,10,1440,2,perfect,748,5.3459,0,93,71,0
10yr_1440m_h1152,10,1440,3,perfect,748,5.3259,0,122,72,0
10yr_1440m_h1152,10,1440,5,perfect,748,5.6954,0,82,79,0
10yr_1440m_h1126,10,1440,2,perfect,748,5.3549,0,112,32,0
10yr_1440m_h1126,10,1440,3,perfect,748,5.3439,0,128,31,0
10yr_1440m_h1126,10,1440,5,perfect,748,5.7839,0,78,34,0
100yr_0540m_h862,100,0540,2,perfect,298,5.414,0,45,34,0
100yr_0540m_h862,100,0540,3,perfect,298,5.7418,0,50,34,0
100yr_0540m_h862,100,0540,5,perfect,298,6.3215,0,28,38,0
100yr_0540m_h802,100,0540,2,perfect,298,5.5136,0,52,29,0
100yr_0540m_h802,100,0540,3,perfect,298,5.6684,0,68,28,0
100yr_0540m_h802,100,0540,5,perfect,298,6.3956,0,32,30,0
100yr_0540m_h855,100,0540,2,perfect,298,5.5218,0,46,35,0
100yr_0540m_h855,100,0540,3,perfect,298,5.6484,0,50,34,0
100yr_0540m_h855,100,0540,5,perfect,298,6.3374,0,28,39,0
100yr_0540m_h825,100,0540,2,perfect,298,5.4991,0,54,34,0
100yr_0540m_h825,100,0540,3,perfect,298,5.8509,0,63,32,0
100yr_0540m_h825,100,0540,5,perfect,298,6.3044,0,38,34,0
10yr_1440m_h1137,10,1440,2,perfect,748,5.3608,0,112,32,0
10yr_1440m_h1137,10,1440,3,perfect,748,5.3266,0,131,31,0
10yr_1440m_h1137,10,1440,5,perfect,748,5.7614,0,79,34,0
10yr_1440m_h1189,10,1440,2,perfect,748,5.3589,0,99,82,0
10yr_1440m_h1189,10,1440,3,perfect,748,5.3281,0,126,83,0
10yr_1440m_h1189,10,1440,5,perfect,748,5.736,0,76,90,0
100yr_0720m_h892,100,0720,2,perfect,388,5.4978,0,52,17,0
100yr_0720m_h892,100,0720,3,perfect,388,5.73,0,78,15,0
100yr_0720m_h892,100,0720,5,perfect,388,6.1228,0,49,15,0
100yr_0540m_h786,100,0540,2,perfect,298,5.5173,0,59,29,0
100yr_0540m_h786,100,0540,3,perfect,298,5.8458,0,68,28,0
100yr_0540m_h786,100,0540,5,perfect,298,6.403,0,34,30,0
20yr_0060m_h225,20,0060,2,perfect,58,5.4998,0,9,12,0
20yr_0060m_h225,20,0060,3,perfect,58,5.9447,0,10,11,0
20yr_0060m_h225,20,0060,5,perfect,58,6.0629,0,11,11,0
20yr_0060m_h216,20,0060,2,perfect,58,5.3697,0,11,11,1
20yr_0060m_h216,20,0060,3,perfect,58,5.8026,0,12,9,0
20yr_0060m_h216,20,0060,5,perfect,58,5.9831,0,10,9,0
100yr_0720m_h964,100,0720,2,perfect,388,5.482,0,54,40,0
100yr_0720m_h964,100,0720,3,perfect,388,5.5916,0,72,41,0
100yr_0720m_h964,100,0720,5,perfect,388,6.3223,0,46,47,0
100yr_0720m_h968,100,0720,2,perfect,388,5.4516,0,52,41,0
100yr_0720m_h968,100,0720,3,perfect,388,5.6277,0,70,41,0
100yr_0720m_h968,100,0720,5,perfect,388,6.3349,0,46,47,0
100yr_0720m_h903,100,0720,2,perfect,388,5.4848,0,50,36,0
100yr_0720m_h903,100,0720,3,perfect,388,5.6766,0,68,35,0
100yr_0720m_h903,100,0720,5,perfect,388,6.4665,0,38,37,0
20yr_0060m_h247,20,0060,2,perfect,58,5.6961,0,11,12,0
20yr_0060m_h247,20,0060,3,perfect,58,5.8375,0,10,10,0
20yr_0060m_h247,20,0060,5,perfect,58,6.1132,0,8,10,0
20yr_0060m_h198,20,0060,2,perfect,58,5.5463,0,11,11,0
20yr_0060m_h198,20,0060,3,perfect,58,5.7668,0,11,9,0
20yr_0060m_h198,20,0060,5,perfect,58,6.0557,0,10,9,0
20yr_0060m_h224,20,0060,2,perfect,58,5.4354,0,12,12,0
20yr_0060m_h224,20,0060,3,perfect,58,5.8973,0,12,10,0
20yr_0060m_h224,20,0060,5,perfect,58,6.1148,0,9,10,0
100yr_0720m_h888,100,0720,2,perfect,388,5.4645,0,50,17,0
100yr_0720m_h888,100,0720,3,perfect,388,5.6501,0,78,15,0
100yr_0720m_h888,100,0720,5,perfect,388,6.2058,0,44,15,0
20yr_0120m_h366,20,0120,2,perfect,88,5.4025,0,12,18,0
20yr_0120m_h366,20,0120,3,perfect,88,5.8786,0,14,17,0
20yr_0120m_h366,20,0120,5,perfect,88,6.1102,0,12,17,0
20yr_0120m_h249,20,0120,2,perfect,88,5.4856,0,14,7,0
20yr_0120m_h249,20,0120,3,perfect,88,5.8312,0,12,5,0
20yr_0120m_h249,20,0120,5,perfect,88,6.1707,0,9,10,0
20yr_0120m_h257,20,0120,2,perfect,88,5.4619,0,12,7,1
20yr_0120m_h257,20,0120,3,perfect,88,5.8187,0,14,6,0
20yr_0120m_h257,20,0120,5,perfect,88,6.16,0,10,10,0
20yr_0120m_h364,20,0120,2,perfect,88,5.4668,0,12,18,0
20yr_0120m_h364,20,0120,3,perfect,88,5.7909,0,15,17,0
20yr_0120m_h364,20,0120,5,perfect,88,6.0647,0,14,17,0
20yr_0120m_h292,20,0120,2,perfect,88,5.4367,0,18,13,0
20yr_0120m_h292,20,0120,3,perfect,88,5.818,0,16,11,0
20yr_0120m_h292,20,0120,5,perfect,88,6.087,0,13,11,0
100yr_1080m_h1085,100,1080,2,perfect,568,5.5106,0,85,50,0
100yr_1080m_h1085,100,1080,3,perfect,568,5.281,0,138,51,0
100yr_1080m_h1085,100,1080,5,perfect,568,6.0253,0,88,60,0
100yr_1080m_h1077,100,1080,2,perfect,568,5.4943,0,76,56,0
100yr_1080m_h1077,100,1080,3,perfect,568,5.2823,0,118,55,0
100yr_1080m_h1077,100,1080,5,perfect,568,6.0532,0,74,59,0
20yr_0180m_h435,20,0180,2,perfect,118,5.4067,0,18,21,0
20yr_0180m_h435,20,0180,3,perfect,118,5.8067,0,26,19,0
20yr_0180m_h435,20,0180,5,perfect,118,6.192,0,11,20,0
20yr_0180m_h465,20,0180,2,perfect,118,5.5247,0,19,23,0
20yr_0180m_h465,20,0180,3,perfect,118,5.8223,0,24,22,0
20yr_0180m_h465,20,0180,5,perfect,118,6.1589,0,18,23,0
20yr_0180m_h419,20,0180,2,perfect,118,5.5371,0,19,17,0
20yr_0180m_h419,20,0180,3,perfect,118,5.8059,0,24,15,0
20yr_0180m_h419,20,0180,5,perfect,118,6.2391,0,11,15,0
100yr_1080m_h1087,100,1080,2,perfect,568,5.473,0,84,50,0
100yr_1080m_h1087,100,1080,3,perfect,568,5.2844,0,135,51,0
100yr_1080m_h1087,100,1080,5,perfect,568,6.0497,0,86,60,0
20yr_0180m_h457,20,0180,2,perfect,118,5.5022,0,24,21,0
20yr_0180m_h457,20,0180,3,perfect,118,5.815,0,19,19,0
20yr_0180m_h457,20,0180,5,perfect,118,6.1748,0,11,20,0
20yr_0180m_h461,20,0180,2,perfect,118,5.469,0,20,20,0
20yr_0180m_h461,20,0180,3,perfect,118,5.8164,0,20,19,0
20yr_0180m_h461,20,0180,5,perfect,118,6.1271,0,12,20,0
100yr_1080m_h1098,100,1080,2,perfect,568,5.5088,0,83,50,0
100yr_1080m_h1098,100,1080,3,perfect,568,5.2755,0,136,51,0
100yr_1080m_h1098,100,1080,5,perfect,568,6.0167,0,91,60,0
100yr_1080m_h1054,100,1080,2,perfect,568,5.477,0,84,56,0
100yr_1080m_h1054,100,1080,3,perfect,568,5.2764,0,116,55,0
100yr_1080m_h1054,100,1080,5,perfect,568,6.0646,0,66,59,0
20yr_0240m_h588,20,0240,2,perfect,148,5.4389,0,21,24,0
20yr_0240m_h588,20,0240,3,perfect,148,5.8125,0,22,22,0
20yr_0240m_h588,20,0240,5,perfect,148,6.2499,0,16,23,0
20yr_0240m_h515,20,0240,2,perfect,148,5.4878,0,30,10,0
20yr_0240m_h515,20,0240,3,perfect,148,5.533,0,28,8,0
20yr_0240m_h515,20,0240,5,perfect,148,6.3379,0,19,8,0
20yr_0240m_h560,20,0240,2,perfect,148,5.4702,0,22,24,0
20yr_0240m_h560,20,0240,3,perfect,148,5.8096,0,24,22,0
20yr_0240m_h560,20,0240,5,perfect,148,6.2059,0,16,23,0
20yr_0240m_h539,20,0240,2,perfect,148,5.4854,0,28,20,0
20yr_0240m_h539,20,0240,3,perfect,148,5.722,0,25,18,0
20yr_0240m_h539,20,0240,5,perfect,148,6.224,0,14,18,0
20yr_0240m_h566,20,0240,2,perfect,148,5.3905,0,20,24,0
20yr_0240m_h566,20,0240,3,perfect,148,5.7153,0,16,23,0
20yr_0240m_h566,20,0240,5,perfect,148,6.2244,0,15,24,0
20yr_0360m_h664,20,0360,2,perfect,208,5.4294,0,32,26,0
20yr_0360m_h664,20,0360,3,perfect,208,5.74,0,42,24,0
20yr_0360m_h664,20,0360,5,perfect,208,6.4227,0,20,25,0
20yr_0360m_h734,20,0360,2,perfect,208,5.3991,0,32,34,0
20yr_0360m_h734,20,0360,3,perfect,208,5.7661,0,33,33,0
20yr_0360m_h734,20,0360,5,perfect,208,6.34,0,22,36,0
20yr_0360m_h668,20,0360,2,perfect,208,5.4596,0,30,26,0
20yr_0360m_h668,20,0360,3,perfect,208,5.7269,0,32,25,0
20yr_0360m_h668,20,0360,5,perfect,208,6.3022,0,18,25,0
20yr_0360m_h691,20,0360,2,perfect,208,5.4665,0,34,30,0
20yr_0360m_h691,20,0360,3,perfect,208,5.5845,0,48,28,0
20yr_0360m_h691,20,0360,5,perfect,208,6.5181,0,26,30,0
100yr_1440m_h1192,100,1440,2,perfect,748,5.3973,0,110,70,0
100yr_1440m_h1192,100,1440,3,perfect,748,5.2945,0,172,69,0
100yr_1440m_h1192,100,1440,5,perfect,748,5.6922,0,122,75,0
20yr_0360m_h620,20,0360,2,perfect,208,5.4276,0,33,13,0
20yr_0360m_h620,20,0360,3,perfect,208,5.6183,0,32,11,0
20yr_0360m_h620,20,0360,5,perfect,208,6.3925,0,26,11,0
100yr_1440m_h1202,100,1440,2,perfect,748,5.415,0,110,70,0
100yr_1440m_h1202,100,1440,3,perfect,748,5.2975,0,168,69,0
100yr_1440m_h1202,100,1440,5,perfect,748,5.6529,0,122,75,0
100yr_1440m_h1213,100,1440,2,perfect,748,5.4475,0,108,58,0
100yr_1440m_h1213,100,1440,3,perfect,748,5.3071,0,158,60,0
100yr_1440m_h1213,100,1440,5,perfect,748,5.7386,0,98,72,0
20yr_0540m_h751,20,0540,2,perfect,298,5.5297,0,42,16,0
20yr_0540m_h751,20,0540,3,perfect,298,5.2821,0,60,14,0
20yr_0540m_h751,20,0540,5,perfect,298,6.0961,0,34,14,0
20yr_0540m_h754,20,0540,2,perfect,298,5.5312,0,42,16,0
20yr_0540m_h754,20,0540,3,perfect,298,5.336,0,70,14,0
20yr_0540m_h754,20,0540,5,perfect,298,6.0434,0,36,14,0
20yr_0540m_h780,20,0540,2,perfect,298,5.4715,0,38,34,0
20yr_0540m_h780,20,0540,3,perfect,298,5.302,0,60,32,0
20yr_0540m_h780,20,0540,5,perfect,298,5.9422,0,30,34,0
20yr_0540m_h775,20,0540,2,perfect,298,5.46,0,38,34,0
20yr_0540m_h775,20,0540,3,perfect,298,5.2879,0,54,32,0
20yr_0540m_h775,20,0540,5,perfect,298,5.9331,0,28,34,0
20yr_0540m_h860,20,0540,2,perfect,298,5.4489,0,34,42,0
20yr_0540m_h860,20,0540,3,perfect,298,5.6493,0,52,42,0
20yr_0540m_h860,20,0540,5,perfect,298,6.3483,0,40,47,0
20yr_0720m_h904,20,0720,2,perfect,388,5.4969,0,56,41,0
20yr_0720m_h904,20,0720,3,perfect,388,5.3081,0,80,40,0
20yr_0720m_h904,20,0720,5,perfect,388,6.0859,0,44,43,0
100yr_1440m_h1121,100,1440,2,perfect,748,5.4199,0,124,26,0
100yr_1440m_h1121,100,1440,3,perfect,748,5.2987,0,178,25,0
100yr_1440m_h1121,100,1440,5,perfect,748,5.647,0,120,26,0
100yr_1440m_h1153,100,1440,2,perfect,748,5.4049,0,109,55,0
100yr_1440m_h1153,100,1440,3,perfect,748,5.326,0,174,55,0
100yr_1440m_h1153,100,1440,5,perfect,748,5.6899,0,112,62,0
20yr_0720m_h983,20,0720,2,perfect,388,5.5158,0,52,50,0
20yr_0720m_h983,20,0720,3,perfect,388,5.2602,0,90,50,0
20yr_0720m_h983,20,0720,5,perfect,388,5.9948,0,52,57,0
20yr_0720m_h928,20,0720,2,perfect,388,5.4919,0,57,41,0
20yr_0720m_h928,20,0720,3,perfect,388,5.3216,0,78,40,0
20yr_0720m_h928,20,0720,5,perfect,388,6.0641,0,42,43,0
30yr_0060m_h135,30,0060,2,perfect,58,5.3424,0,11,5,0
30yr_0060m_h135,30,0060,3,perfect,58,5.8169,0,13,3,0
30yr_0060m_h135,30,0060,5,perfect,58,5.9855,0,10,6,0
30yr_0060m_h214,30,0060,2,perfect,58,5.471,0,10,11,0
30yr_0060m_h214,30,0060,3,perfect,58,5.9354,0,11,9,0
30yr_0060m_h214,30,0060,5,perfect,58,6.088,0,10,9,0
30yr_0060m_h211,30,0060,2,perfect,58,5.5733,0,10,11,0
30yr_0060m_h211,30,0060,3,perfect,58,5.9684,0,11,9,0
30yr_0060m_h211,30,0060,5,perfect,58,6.0592,0,9,9,0
30yr_0060m_h160,30,0060,2,perfect,58,5.323,0,10,8,0
30yr_0060m_h160,30,0060,3,perfect,58,5.7771,0,11,6,0
30yr_0060m_h160,30,0060,5,perfect,58,6.0271,0,9,10,0
20yr_0720m_h973,20,0720,2,perfect,388,5.4935,0,56,50,0
20yr_0720m_h973,20,0720,3,perfect,388,5.294,0,86,50,0
20yr_0720m_h973,20,0720,5,perfect,388,5.9957,0,54,57,0
30yr_0060m_h202,30,0060,2,perfect,58,5.3841,0,10,11,0
30yr_0060m_h202,30,0060,3,perfect,58,5.9073,0,12,9,0
30yr_0060m_h202,30,0060,5,perfect,58,6.0556,0,10,9,0
30yr_0120m_h263,30,0120,2,perfect,88,5.37,0,20,7,0
30yr_0120m_h263,30,0120,3,perfect,88,5.8184,0,22,5,0
30yr_0120m_h263,30,0120,5,perfect,88,6.1153,0,12,9,0
30yr_0120m_h273,30,0120,2,perfect,88,5.491,0,14,7,0
30yr_0120m_h273,30,0120,3,perfect,88,5.8085,0,14,5,0
30yr_0120m_h273,30,0120,5,perfect,88,6.0843,0,9,9,0
30yr_0120m_h335,30,0120,2,perfect,88,5.522,0,11,16,0
30yr_0120m_h335,30,0120,3,perfect,88,5.8116,0,12,14,0
30yr_0120m_h335,30,0120,5,perfect,88,6.0894,0,11,14,0
20yr_0720m_h945,20,0720,2,perfect,388,5.4989,0,56,47,0
20yr_0720m_h945,20,0720,3,perfect,388,5.2657,0,86,46,0
20yr_0720m_h945,20,0720,5,perfect,388,6.0082,0,46,49,0
30yr_0120m_h254,30,0120,2,perfect,88,5.3722,0,19,7,0
30yr_0120m_h254,30,0120,3,perfect,88,5.8066,0,21,5,0
30yr_0120m_h254,30,0120,5,perfect,88,6.1167,0,12,9,0
30yr_0120m_h365,30,0120,2,perfect,88,5.6011,0,12,18,0
30yr_0120m_h365,30,0120,3,perfect,88,5.9561,0,14,16,0
30yr_0120m_h365,30,0120,5,perfect,88,6.1037,0,10,16,0
30yr_0180m_h417,30,0180,2,perfect,118,5.48,0,22,16,0
30yr_0180m_h417,30,0180,3,perfect,118,5.8083,0,19,15,0
30yr_0180m_h417,30,0180,5,perfect,118,6.0914,0,16,15,0
30yr_0180m_h490,30,0180,2,perfect,118,5.4189,0,20,23,0
30yr_0180m_h490,30,0180,3,perfect,118,5.8131,0,22,21,0
30yr_0180m_h490,30,0180,5,perfect,118,6.1629,0,18,22,0
20yr_1080m_h1085,20,1080,2,perfect,568,5.3969,0,82,63,0
20yr_1080m_h1085,20,1080,3,perfect,568,5.2812,0,122,64,0
20yr_1080m_h1085,20,1080,5,perfect,568,5.635,0,80,75,0
20yr_1080m_h1037,20,1080,2,perfect,568,5.4314,0,88,54,0
20yr_1080m_h1037,20,1080,3,perfect,568,5.2977,0,128,54,0
20yr_1080m_h1037,20,1080,5,perfect,568,5.7506,0,91,59,0
30yr_0180m_h403,30,0180,2,perfect,118,5.4183,0,20,16,0
30yr_0180m_h403,30,0180,3,perfect,118,5.7812,0,22,15,0
30yr_0180m_h403,30,0180,5,perfect,118,6.1163,0,16,15,0
30yr_0180m_h441,30,0180,2,perfect,118,5.38,0,28,20,0
30yr_0180m_h441,30,0180,3,perfect,118,5.8209,0,20,18,0
30yr_0180m_h441,30,0180,5,perfect,118,6.1486,0,13,19,0
20yr_1080m_h1084,20,1080,2,perfect,568,5.4272,0,81,63,0
20yr_1080m_h1084,20,1080,3,perfect,568,5.2778,0,132,63,0
20yr_1080m_h1084,20,1080,5,perfect,568,5.6964,0,90,68,0
30yr_0180m_h476,30,0180,2,perfect,118,5.5105,0,19,23,0
30yr_0180m_h476,30,0180,3,perfect,118,5.8172,0,21,21,0
30yr_0180m_h476,30,0180,5,perfect,118,6.1377,0,14,22,0
20yr_1080m_h1107,20,1080,2,perfect,568,5.3931,0,82,63,0
20yr_1080m_h1107,20,1080,3,perfect,568,5.3188,0,120,65,0
20yr_1080m_h1107,20,1080,5,perfect,568,5.6749,0,85,75,0
30yr_0240m_h608,30,0240,2,perfect,148,5.4084,0,26,27,0
30yr_0240m_h608,30,0240,3,perfect,148,5.833,0,30,25,1
30yr_0240m_h608,30,0240,5,perfect,148,6.17,0,17,27,1
20yr_1080m_h1023,20,1080,2,perfect,568,5.4256,0,86,54,0
20yr_1080m_h1023,20,1080,3,perfect,568,5.3199,0,126,54,0
20yr_1080m_h1023,20,1080,5,perfect,568,5.6236,0,86,59,0
30yr_0240m_h619,30,0240,2,perfect,148,5.4491,0,30,26,0
30yr_0240m_h619,30,0240,3,perfect,148,5.8264,0,25,25,0
30yr_0240m_h619,30,0240,5,perfect,148,6.141,0,21,26,0
30yr_0240m_h529,30,0240,2,perfect,148,5.4664,0,19,20,0
30yr_0240m_h529,30,0240,3,perfect,148,5.8137,0,24,18,0
30yr_0240m_h529,30,0240,5,perfect,148,6.1463,0,12,18,0
30yr_0240m_h574,30,0240,2,perfect,148,5.4481,0,25,23,0
30yr_0240m_h574,30,0240,3,perfect,148,5.8084,0,30,21,0
30yr_0240m_h574,30,0240,5,perfect,148,6.219,0,18,22,0
30yr_0240m_h597,30,0240,2,perfect,148,5.3965,0,26,27,0
30yr_0240m_h597,30,0240,3,perfect,148,5.7573,0,28,25,1
30yr_0240m_h597,30,0240,5,perfect,148,6.1644,0,17,27,1
30yr_0360m_h688,30,0360,2,perfect,208,5.4571,0,41,29,0
30yr_0360m_h688,30,0360,3,perfect,208,5.8413,0,44,27,0
30yr_0360m_h688,30,0360,5,perfect,208,6.384,0,26,29,0
20yr_1440m_h1147,20,1440,2,perfect,748,5.3795,0,108,65,0
20yr_1440m_h1147,20,1440,3,perfect,748,5.3161,0,134,66,0
20yr_1440m_h1147,20,1440,5,perfect,748,5.6542,0,82,73,0
30yr_0360m_h687,30,0360,2,perfect,208,5.472,0,38,28,0
30yr_0360m_h687,30,0360,3,perfect,208,5.7574,0,44,27,0
30yr_0360m_h687,30,0360,5,perfect,208,6.2662,0,26,29,0
30yr_0360m_h680,30,0360,2,perfect,208,5.4304,0,34,25,0
30yr_0360m_h680,30,0360,3,perfect,208,5.5293,0,34,24,0
30yr_0360m_h680,30,0360,5,perfect,208,6.2696,0,17,24,0
30yr_0360m_h709,30,0360,2,perfect,208,5.3936,0,38,29,0
30yr_0360m_h709,30,0360,3,perfect,208,5.8547,0,41,27,0
30yr_0360m_h709,30,0360,5,perfect,208,6.2193,0,25,29,0
20yr_1440m_h1149,20,1440,2,perfect,748,5.3743,0,106,65,0
20yr_1440m_h1149,20,1440,3,perfect,748,5.3261,0,136,66,0
20yr_1440m_h1149,20,1440,5,perfect,748,5.7472,0,90,73,0
30yr_0360m_h734,30,0360,2,perfect,208,5.4276,0,27,33,0
30yr_0360m_h734,30,0360,3,perfect,208,5.8065,0,35,32,0
30yr_0360m_h734,30,0360,5,perfect,208,6.2872,0,22,34,0
20yr_1440m_h1120,20,1440,2,perfect,748,5.368,0,124,30,0
20yr_1440m_h1120,20,1440,3,perfect,748,5.2997,0,150,29,0
20yr_1440m_h1120,20,1440,5,perfect,748,5.6715,0,88,31,0
30yr_0540m_h753,30,0540,2,perfect,298,5.4388,0,37,15,0
30yr_0540m_h753,30,0540,3,perfect,298,5.3502,0,52,14,0
30yr_0540m_h753,30,0540,5,perfect,298,5.939,0,32,14,0
20yr_1440m_h1231,20,1440,2,perfect,748,5.3866,0,120,74,0
20yr_1440m_h1231,20,1440,3,perfect,748,5.3174,0,168,77,0
20yr_1440m_h1231,20,1440,5,perfect,748,5.6686,0,102,91,0
30yr_0540m_h803,30,0540,2,perfect,298,5.4739,0,43,32,0
30yr_0540m_h803,30,0540,3,perfect,298,5.6793,0,58,31,0
30yr_0540m_h803,30,0540,5,perfect,298,6.418,0,38,33,0
30yr_0540m_h771,30,0540,2,perfect,298,5.4157,0,36,15,0
30yr_0540m_h771,30,0540,3,perfect,298,5.6837,0,58,14,0
30yr_0540m_h771,30,0540,5,perfect,298,5.9756,0,34,14,0
30yr_0540m_h819,30,0540,2,perfect,298,5.4817,0,41,37,0
30yr_0540m_h819,30,0540,3,perfect,298,5.6428,0,52,36,0
30yr_0540m_h819,30,0540,5,perfect,298,6.3976,0,38,38,0
30yr_0540m_h762,30,0540,2,perfect,298,5.5076,0,35,15,0
30yr_0540m_h762,30,0540,3,perfect,298,5.3566,0,56,14,0
30yr_0540m_h762,30,0540,5,perfect,298,5.8968,0,32,14,0
30yr_0720m_h903,30,0720,2,perfect,388,5.4863,0,50,39,0
30yr_0720m_h903,30,0720,3,perfect,388,5.3079,0,84,39,0
30yr_0720m_h903,30,0720,5,perfect,388,5.9689,0,46,42,0
20yr_1440m_h1165,20,1440,2,perfect,748,5.3718,0,108,65,0
20yr_1440m_h1165,20,1440,3,perfect,748,5.3161,0,138,66,0
20yr_1440m_h1165,20,1440,5,perfect,748,5.6345,0,80,73,0
50yr_0060m_h244,50,0060,2,perfect,58,5.9486,0,9,12,0
50yr_0060m_h244,50,0060,3,perfect,58,6.1192,0,11,10,0
50yr_0060m_h244,50,0060,5,perfect,58,6.2613,0,10,10,0
50yr_0060m_h138,50,0060,2,perfect,58,5.2747,0,14,4,0
50yr_0060m_h138,50,0060,3,perfect,58,5.8248,0,12,3,0
50yr_0060m_h138,50,0060,5,perfect,58,6.0457,0,9,6,0
30yr_0720m_h969,30,0720,2,perfect,388,5.4918,0,48,47,0
30yr_0720m_h969,30,0720,3,perfect,388,5.2703,0,90,48,0
30yr_0720m_h969,30,0720,5,perfect,388,6.0615,0,53,55,0
30yr_0720m_h988,30,0720,2,perfect,388,5.4401,0,52,48,0
30yr_0720m_h988,30,0720,3,perfect,388,5.2542,0,88,48,0
30yr_0720m_h988,30,0720,5,perfect,388,5.9347,0,52,55,0
50yr_0060m_h243,50,0060,2,perfect,58,5.9631,0,10,12,0
50yr_0060m_h243,50,0060,3,perfect,58,6.3041,0,11,10,0
50yr_0060m_h243,50,0060,5,perfect,58,6.3452,0,10,11,0
50yr_0060m_h127,50,0060,2,perfect,58,5.3077,0,10,4,0
50yr_0060m_h127,50,0060,3,perfect,58,5.8142,0,10,3,0
50yr_0060m_h127,50,0060,5,perfect,58,6.0348,0,8,6,0
50yr_0060m_h147,50,0060,2,perfect,58,5.3211,0,12,4,0
50yr_0060m_h147,50,0060,3,perfect,58,5.7961,0,11,3,0
50yr_0060m_h147,50,0060,5,perfect,58,6.0551,0,8,6,0
30yr_0720m_h890,30,0720,2,perfect,388,5.4793,0,55,18,0
30yr_0720m_h890,30,0720,3,perfect,388,5.3011,0,84,17,0
30yr_0720m_h890,30,0720,5,perfect,388,6.0551,0,50,17,0
50yr_0120m_h326,50,0120,2,perfect,88,5.7017,0,13,15,0
50yr_0120m_h326,50,0120,3,perfect,88,6.0596,0,14,13,0
50yr_0120m_h326,50,0120,5,perfect,88,6.0501,0,12,13,0
30yr_0720m_h876,30,0720,2,perfect,388,5.5069,0,56,18,0
30yr_0720m_h876,30,0720,3,perfect,388,5.3099,0,86,17,0
30yr_0720m_h876,30,0720,5,perfect,388,6.0421,0,50,17,0
50yr_0120m_h323,50,0120,2,perfect,88,5.6895,0,15,15,0
50yr_0120m_h323,50,0120,3,perfect,88,5.8657,0,14,13,1
50yr_0120m_h323,50,0120,5,perfect,88,6.0536,0,12,14,0
30yr_1080m_h1011,30,1080,2,perfect,568,5.4187,0,92,24,0
30yr_1080m_h1011,30,1080,3,perfect,568,5.3056,0,148,23,0
30yr_1080m_h1011,30,1080,5,perfect,568,5.7044,0,106,24,0
50yr_0120m_h353,50,0120,2,perfect,88,6.0533,0,12,17,0
50yr_0120m_h353,50,0120,3,perfect,88,6.1528,0,11,15,0
50yr_0120m_h353,50,0120,5,perfect,88,6.2879,0,11,15,0
50yr_0180m_h382,50,0180,2,perfect,118,5.4602,0,23,8,0
50yr_0180m_h382,50,0180,3,perfect,118,5.7962,0,21,6,0
50yr_0180m_h382,50,0180,5,perfect,118,6.0842,0,19,6,0
50yr_0120m_h253,50,0120,2,perfect,88,5.3432,0,15,6,0
50yr_0120m_h253,50,0120,3,perfect,88,5.7864,0,14,5,0
50yr_0120m_h253,50,0120,5,perfect,88,6.0915,0,11,9,0
50yr_0120m_h342,50,0120,2,perfect,88,5.9809,0,13,17,0
50yr_0120m_h342,50,0120,3,perfect,88,6.0804,0,10,15,0
50yr_0120m_h342,50,0120,5,perfect,88,6.2652,0,10,15,0
30yr_1080m_h996,30,1080,2,perfect,568,5.4302,0,94,24,0
30yr_1080m_h996,30,1080,3,perfect,568,5.2769,0,136,23,0
30yr_1080m_h996,30,1080,5,perfect,568,5.7086,0,100,24,0
50yr_0180m_h411,50,0180,2,perfect,118,5.494,0,23,16,0
50yr_0180m_h411,50,0180,3,perfect,118,5.8248,0,20,14,0
50yr_0180m_h411,50,0180,5,perfect,118,6.1762,0,18,14,0
50yr_0180m_h457,50,0180,2,perfect,118,5.5189,0,22,19,0
50yr_0180m_h457,50,0180,3,perfect,118,5.8069,0,22,17,0
50yr_0180m_h457,50,0180,5,perfect,118,6.1652,0,12,18,0
50yr_0180m_h410,50,0180,2,perfect,118,5.4604,0,25,16,0
50yr_0180m_h410,50,0180,3,perfect,118,5.8006,0,18,14,0
50yr_0180m_h410,50,0180,5,perfect,118,6.1595,0,15,14,0
30yr_1080m_h1087,30,1080,2,perfect,568,5.4632,0,77,59,0
30yr_1080m_h1087,30,1080,3,perfect,568,5.272,0,120,60,0
30yr_1080m_h1087,30,1080,5,perfect,568,6.0539,0,72,71,0
30yr_1080m_h995,30,1080,2,perfect,568,5.3948,0,94,24,0
30yr_1080m_h995,30,1080,3,perfect,568,5.286,0,144,22,0
30yr_1080m_h995,30,1080,5,perfect,568,5.6638,0,100,24,0
50yr_0180m_h418,50,0180,2,perfect,118,5.4137,0,27,16,0
50yr_0180m_h418,50,0180,3,perfect,118,5.8111,0,20,14,0
50yr_0180m_h418,50,0180,5,perfect,118,6.1402,0,17,14,0
30yr_1080m_h1037,30,1080,2,perfect,568,5.417,0,82,51,0
30yr_1080m_h1037,30,1080,3,perfect,568,5.3188,0,124,51,0
30yr_1080m_h1037,30,1080,5,perfect,568,5.717,0,86,56,0
50yr_0240m_h616,50,0240,2,perfect,148,5.4542,0,28,25,0
50yr_0240m_h616,50,0240,3,perfect,148,5.8131,0,27,24,1
50yr_0240m_h616,50,0240,5,perfect,148,6.1233,0,22,25,0
50yr_0240m_h522,50,0240,2,perfect,148,5.4266,0,28,9,0
50yr_0240m_h522,50,0240,3,perfect,148,5.8356,0,30,8,0
50yr_0240m_h522,50,0240,5,perfect,148,6.3086,0,22,14,0
50yr_0240m_h504,50,0240,2,perfect,148,5.4463,0,32,9,0
50yr_0240m_h504,50,0240,3,perfect,148,5.44,0,26,8,0
50yr_0240m_h504,50,0240,5,perfect,148,6.301,0,12,14,0
50yr_0240m_h561,50,0240,2,perfect,148,5.5199,0,22,22,0
50yr_0240m_h561,50,0240,3,perfect,148,5.7996,0,18,20,0
50yr_0240m_h561,50,0240,5,perfect,148,6.2187,0,15,21,0
50yr_0240m_h501,50,0240,2,perfect,148,5.5187,0,23,9,0
50yr_0240m_h501,50,0240,3,perfect,148,5.8145,0,28,8,0
50yr_0240m_h501,50,0240,5,perfect,148,6.2796,0,15,13,0
30yr_1440m_h1177,30,1440,2,perfect,748,5.3848,0,108,62,0
30yr_1440m_h1177,30,1440,3,perfect,748,5.3329,0,148,63,0
30yr_1440m_h1177,30,1440,5,perfect,748,5.6914,0,92,70,0
50yr_0360m_h678,50,0360,2,perfect,208,5.4369,0,30,24,0
50yr_0360m_h678,50,0360,3,perfect,208,5.7696,0,28,23,0
50yr_0360m_h678,50,0360,5,perfect,208,6.5105,0,16,23,0
50yr_0360m_h621,50,0360,2,perfect,208,5.4071,0,48,12,0
50yr_0360m_h621,50,0360,3,perfect,208,5.8411,0,34,10,0
50yr_0360m_h621,50,0360,5,perfect,208,6.348,0,24,10,0
50yr_0360m_h658,50,0360,2,perfect,208,5.4653,0,29,24,0
50yr_0360m_h658,50,0360,3,perfect,208,5.6981,0,30,23,0
50yr_0360m_h658,50,0360,5,perfect,208,6.2763,0,18,23,0
30yr_1440m_h1206,30,1440,2,perfect,748,5.3714,0,112,76,0
30yr_1440m_h1206,30,1440,3,perfect,748,5.3375,0,156,76,0
30yr_1440m_h1206,30,1440,5,perfect,748,5.7225,0,94,82,0
50yr_0360m_h673,50,0360,2,perfect,208,5.4226,0,32,24,0
50yr_0360m_h673,50,0360,3,perfect,208,5.768,0,24,23,0
50yr_0360m_h673,50,0360,5,perfect,208,6.4098,0,14,23,0
30yr_1440m_h1148,30,1440,2,perfect,748,5.4019,0,110,62,0
30yr_1440m_h1148,30,1440,3,perfect,748,5.3298,0,144,63,0
30yr_1440m_h1148,30,1440,5,perfect,748,5.7412,0,90,70,0
50yr_0360m_h692,50,0360,2,perfect,208,5.4728,0,31,27,0
50yr_0360m_h692,50,0360,3,perfect,208,5.8027,0,40,26,0
50yr_0360m_h692,50,0360,5,perfect,208,6.2792,0,26,27,0
50yr_0540m_h859,50,0540,2,perfect,298,5.5327,0,53,37,0
50yr_0540m_h859,50,0540,3,perfect,298,5.8494,0,45,37,0
50yr_0540m_h859,50,0540,5,perfect,298,6.2797,0,30,42,0
50yr_0540m_h831,50,0540,2,perfect,298,5.4673,0,54,35,0
50yr_0540m_h831,50,0540,3,perfect,298,5.6936,0,64,34,0
50yr_0540m_h831,50,0540,5,perfect,298,6.4728,0,36,36,0
50yr_0540m_h777,50,0540,2,perfect,298,5.4861,0,50,31,0
50yr_0540m_h777,50,0540,3,perfect,298,5.6233,0,53,30,0
50yr_0540m_h777,50,0540,5,perfect,298,6.3936,0,34,32,0
50yr_0540m_h766,50,0540,2,perfect,298,5.4891,0,44,15,0
50yr_0540m_h766,50,0540,3,perfect,298,5.5982,0,56,13,0
50yr_0540m_h766,50,0540,5,perfect,298,6.4279,0,36,13,0
50yr_0540m_h756,50,0540,2,perfect,298,5.4504,0,40,15,0
50yr_0540m_h756,50,0540,3,perfect,298,5.668,0,54,13,0
50yr_0540m_h756,50,0540,5,perfect,298,6.3956,0,40,13,0
50yr_0720m_h940,50,0720,2,perfect,388,5.5108,0,50,44,0
50yr_0720m_h940,50,0720,3,perfect,388,5.2423,0,84,43,0
50yr_0720m_h940,50,0720,5,perfect,388,6.016,0,50,46,0
30yr_1440m_h1192,30,1440,2,perfect,748,5.3868,0,118,75,0
30yr_1440m_h1192,30,1440,3,perfect,748,5.3472,0,151,76,0
30yr_1440m_h1192,30,1440,5,perfect,748,5.6927,0,96,82,0
50yr_0720m_h961,50,0720,2,perfect,388,5.4895,0,44,44,0
50yr_0720m_h961,50,0720,3,perfect,388,5.7665,0,81,45,0
50yr_0720m_h961,50,0720,5,perfect,388,6.3873,0,58,51,0
80yr_0060m_h246,80,0060,2,perfect,58,6.2491,0,10,11,1
80yr_0060m_h246,80,0060,3,perfect,58,6.3631,0,11,9,0
80yr_0060m_h246,80,0060,5,perfect,58,6.4932,0,9,9,0
80yr_0060m_h155,80,0060,2,perfect,58,5.9221,0,9,8,0
80yr_0060m_h155,80,0060,3,perfect,58,6.2135,0,11,6,0
80yr_0060m_h155,80,0060,5,perfect,58,6.2561,0,9,9,0
30yr_1440m_h1133,30,1440,2,perfect,748,5.377,0,122,29,0
30yr_1440m_h1133,30,1440,3,perfect,748,5.3498,0,166,28,0
30yr_1440m_h1133,30,1440,5,perfect,748,5.7747,0,104,29,0
80yr_0060m_h135,80,0060,2,perfect,58,5.5364,0,11,4,0
80yr_0060m_h135,80,0060,3,perfect,58,5.9067,0,11,3,0
80yr_0060m_h135,80,0060,5,perfect,58,5.9817,0,9,5,0
50yr_0720m_h954,50,0720,2,perfect,388,5.561,0,51,43,0
50yr_0720m_h954,50,0720,3,perfect,388,5.3516,0,79,43,1
50yr_0720m_h954,50,0720,5,perfect,388,6.0585,0,46,45,0
50yr_0720m_h931,50,0720,2,perfect,388,5.5132,0,50,44,0
50yr_0720m_h931,50,0720,3,perfect,388,5.2925,0,88,43,0
50yr_0720m_h931,50,0720,5,perfect,388,5.9864,0,46,46,0
80yr_0060m_h158,80,0060,2,perfect,58,5.9221,0,9,8,0
80yr_0060m_h158,80,0060,3,perfect,58,6.2135,0,11,6,0
80yr_0060m_h158,80,0060,5,perfect,58,6.2561,0,9,9,0
80yr_0060m_h175,80,0060,2,perfect,58,5.8377,0,9,8,0
80yr_0060m_h175,80,0060,3,perfect,58,6.1291,0,11,6,0
80yr_0060m_h175,80,0060,5,perfect,58,6.1718,0,10,9,0
80yr_0120m_h368,80,0120,2,perfect,88,6.3487,0,13,17,0
80yr_0120m_h368,80,0120,3,perfect,88,6.4925,0,12,15,0
80yr_0120m_h368,80,0120,5,perfect,88,6.5747,0,11,15,0
50yr_0720m_h943,50,0720,2,perfect,388,5.5192,0,51,44,0
50yr_0720m_h943,50,0720,3,perfect,388,5.2554,0,78,43,0
50yr_0720m_h943,50,0720,5,perfect,388,6.0766,0,51,46,0
80yr_0120m_h311,80,0120,2,perfect,88,6.0546,0,14,15,0
80yr_0120m_h311,80,0120,3,perfect,88,6.2749,0,13,13,0
80yr_0120m_h311,80,0120,5,perfect,88,6.3169,0,11,13,0
80yr_0120m_h269,80,0120,2,perfect,88,5.4994,0,18,6,0
80yr_0120m_h269,80,0120,3,perfect,88,5.8343,0,16,5,0
80yr_0120m_h269,80,0120,5,perfect,88,6.0912,0,11,8,0
80yr_0120m_h319,80,0120,2,perfect,88,5.9956,0,14,15,0
80yr_0120m_h319,80,0120,3,perfect,88,6.216,0,12,13,0
80yr_0120m_h319,80,0120,5,perfect,88,6.2586,0,11,13,0
80yr_0120m_h324,80,0120,2,perfect,88,6.061,0,13,15,0
80yr_0120m_h324,80,0120,3,perfect,88,6.2813,0,13,13,0
80yr_0120m_h324,80,0120,5,perfect,88,6.3231,0,11,13,0
50yr_1080m_h1083,50,1080,2,perfect,568,5.4462,0,76,58,0
50yr_1080m_h1083,50,1080,3,perfect,568,5.2885,0,106,58,0
50yr_1080m_h1083,50,1080,5,perfect,568,6.0399,0,74,62,0
80yr_0180m_h481,80,0180,2,perfect,118,5.8555,0,16,21,0
80yr_0180m_h481,80,0180,3,perfect,118,5.8341,0,17,19,0
80yr_0180m_h481,80,0180,5,perfect,118,6.1207,0,13,20,0
80yr_0180m_h396,80,0180,2,perfect,118,5.5396,0,28,8,0
80yr_0180m_h396,80,0180,3,perfect,118,5.8275,0,25,6,0
80yr_0180m_h396,80,0180,5,perfect,118,6.168,0,16,11,0
80yr_0180m_h419,80,0180,2,perfect,118,5.431,0,24,15,0
80yr_0180m_h419,80,0180,3,perfect,118,5.8287,0,21,14,0
80yr_0180m_h419,80,0180,5,perfect,118,6.0949,0,14,14,0
50yr_1080m_h1043,50,1080,2,perfect,568,5.4499,0,76,49,0
50yr_1080m_h1043,50,1080,3,perfect,568,5.3258,0,110,49,0
50yr_1080m_h1043,50,1080,5,perfect,568,5.8553,0,70,54,0
80yr_0180m_h393,80,0180,2,perfect,118,5.517,0,26,8,0
80yr_0180m_h393,80,0180,3,perfect,118,5.8041,0,21,6,0
80yr_0180m_h393,80,0180,5,perfect,118,6.1585,0,14,11,0
80yr_0240m_h578,80,0240,2,perfect,148,5.5217,0,25,21,0
80yr_0240m_h578,80,0240,3,perfect,148,5.8212,0,21,20,0
80yr_0240m_h578,80,0240,5,perfect,148,6.1034,0,18,20,0
80yr_0180m_h480,80,0180,2,perfect,118,5.9671,0,14,21,0
80yr_0180m_h480,80,0180,3,perfect,118,6.1377,0,18,19,0
80yr_0180m_h480,80,0180,5,perfect,118,6.1567,0,13,20,0
50yr_1080m_h1092,50,1080,2,perfect,568,5.461,0,86,54,0
50yr_1080m_h1092,50,1080,3,perfect,568,5.2834,0,128,56,0
50yr_1080m_h1092,50,1080,5,perfect,568,6.1169,0,80,66,0
50yr_1080m_h1063,50,1080,2,perfect,568,5.4665,0,76,59,0
50yr_1080m_h1063,50,1080,3,perfect,568,5.2989,0,114,58,0
50yr_1080m_h1063,50,1080,5,perfect,568,5.8514,0,70,62,0
80yr_0240m_h559,80,0240,2,perfect,148,5.4406,0,32,21,0
80yr_0240m_h559,80,0240,3,perfect,148,5.8045,0,21,20,0
80yr_0240m_h559,80,0240,5,perfect,148,6.2212,0,18,20,0
80yr_0240m_h569,80,0240,2,perfect,148,5.4771,0,24,21,0
80yr_0240m_h569,80,0240,3,perfect,148,5.8111,0,26,20,0
80yr_0240m_h569,80,0240,5,perfect,148,6.2157,0,19,20,0
50yr_1440m_h1145,50,1440,2,perfect,748,5.4079,0,126,28,0
50yr_1440m_h1145,50,1440,3,perfect,748,5.2988,0,172,26,0
50yr_1440m_h1145,50,1440,5,perfect,748,5.67,0,112,28,0
80yr_0240m_h536,80,0240,2,perfect,148,5.4534,0,32,18,0
80yr_0240m_h536,80,0240,3,perfect,148,5.8252,0,30,17,0
80yr_0240m_h536,80,0240,5,perfect,148,6.1224,0,20,17,0
80yr_0240m_h539,80,0240,2,perfect,148,5.4255,0,28,18,1
80yr_0240m_h539,80,0240,3,perfect,148,5.8102,0,30,17,0
80yr_0240m_h539,80,0240,5,perfect,148,6.1701,0,19,17,0
50yr_1080m_h1112,50,1080,2,perfect,568,5.4816,0,86,54,0
50yr_1080m_h1112,50,1080,3,perfect,568,5.3209,0,140,56,0
50yr_1080m_h1112,50,1080,5,perfect,568,6.0896,0,78,66,0
80yr_0360m_h740,80,0360,2,perfect,208,5.4018,0,40,29,0
80yr_0360m_h740,80,0360,3,perfect,208,5.8094,0,40,28,0
80yr_0360m_h740,80,0360,5,perfect,208,6.1833,0,28,31,0
80yr_0360m_h677,80,0360,2,perfect,208,5.4727,0,30,23,0
80yr_0360m_h677,80,0360,3,perfect,208,5.831,0,30,22,0
80yr_0360m_h677,80,0360,5,perfect,208,6.2031,0,16,22,0
80yr_0360m_h691,80,0360,2,perfect,208,5.449,0,28,27,0
80yr_0360m_h691,80,0360,3,perfect,208,5.813,0,32,25,0
80yr_0360m_h691,80,0360,5,perfect,208,6.1797,0,28,26,0
50yr_1440m_h1215,50,1440,2,perfect,748,5.4242,0,120,63,0
50yr_1440m_h1215,50,1440,3,perfect,748,5.3129,0,184,65,0
50yr_1440m_h1215,50,1440,5,perfect,748,5.6733,0,128,79,0
80yr_0360m_h684,80,0360,2,perfect,208,5.4689,0,32,26,0
80yr_0360m_h684,80,0360,3,perfect,208,5.8186,0,33,25,1
80yr_0360m_h684,80,0360,5,perfect,208,6.2729,0,26,26,1
80yr_0540m_h750,80,0540,2,perfect,298,5.4729,0,52,14,0
80yr_0540m_h750,80,0540,3,perfect,298,5.7308,0,52,12,0
80yr_0540m_h750,80,0540,5,perfect,298,6.4814,0,32,12,0
80yr_0360m_h693,80,0360,2,perfect,208,5.4415,0,34,26,0
80yr_0360m_h693,80,0360,3,perfect,208,5.8066,0,34,25,0
80yr_0360m_h693,80,0360,5,perfect,208,6.2046,0,26,26,0
50yr_1440m_h1135,50,1440,2,perfect,748,5.4106,0,123,28,0
50yr_1440m_h1135,50,1440,3,perfect,748,5.3364,0,176,26,0
50yr_1440m_h1135,50,1440,5,perfect,748,5.6824,0,118,28,0
80yr_0540m_h850,80,0540,2,perfect,298,5.468,0,46,35,0
80yr_0540m_h850,80,0540,3,perfect,298,5.8513,0,48,35,0
80yr_0540m_h850,80,0540,5,perfect,298,6.2355,0,27,39,0
80yr_0540m_h834,80,0540,2,perfect,298,5.453,0,58,34,0
80yr_0540m_h834,80,0540,3,perfect,298,5.6208,0,70,33,0
80yr_0540m_h834,80,0540,5,perfect,298,6.3761,0,40,35,0
80yr_0540m_h831,80,0540,2,perfect,298,5.5025,0,58,34,0
80yr_0540m_h831,80,0540,3,perfect,298,5.4987,0,68,33,0
80yr_0540m_h831,80,0540,5,perfect,298,6.3344,0,44,35,0
80yr_0540m_h813,80,0540,2,perfect,298,5.4738,0,61,34,0
80yr_0540m_h813,80,0540,3,perfect,298,5.7027,0,67,33,0
80yr_0540m_h813,80,0540,5,perfect,298,6.3333,0,36,35,0
80yr_0720m_h934,80,0720,2,perfect,388,5.4997,0,52,42,0
80yr_0720m_h934,80,0720,3,perfect,388,5.7355,0,74,41,0
80yr_0720m_h934,80,0720,5,perfect,388,6.1194,0,44,44,0
80yr_0720m_h952,80,0720,2,perfect,388,5.4767,0,52,42,0
80yr_0720m_h952,80,0720,3,perfect,388,5.7345,0,76,41,0
80yr_0720m_h952,80,0720,5,perfect,388,6.1238,0,48,44,0
50yr_1440m_h1195,50,1440,2,perfect,748,5.4084,0,118,73,0
50yr_1440m_h1195,50,1440,3,perfect,748,5.3072,0,162,73,0
50yr_1440m_h1195,50,1440,5,perfect,748,5.6736,0,110,78,0
50yr_1440m_h1146,50,1440,2,perfect,748,5.3952,0,128,28,0
50yr_1440m_h1146,50,1440,3,perfect,748,5.3265,0,174,26,0
50yr_1440m_h1146,50,1440,5,perfect,748,5.7437,0,120,28,0
80yr_0720m_h873,80,0720,2,perfect,388,5.5217,0,54,17,0
80yr_0720m_h873,80,0720,3,perfect,388,5.349,0,80,15,0
80yr_0720m_h873,80,0720,5,perfect,388,5.9446,0,48,16,0
80yr_0720m_h982,80,0720,2,perfect,388,5.5278,0,50,42,0
80yr_0720m_h982,80,0720,3,perfect,388,5.6185,0,82,42,0
80yr_0720m_h982,80,0720,5,perfect,388,6.4011,0,50,48,0
80yr_0720m_h916,80,0720,2,perfect,388,5.4458,0,50,36,0
80yr_0720m_h916,80,0720,3,perfect,388,5.7414,0,77,35,0
80yr_0720m_h916,80,0720,5,perfect,388,6.2059,0,42,38,0
80yr_1080m_h1070,80,1080,2,perfect,568,5.4728,0,78,57,0
80yr_1080m_h1070,80,1080,3,perfect,568,5.3142,0,112,56,0
80yr_1080m_h1070,80,1080,5,perfect,568,6.0563,0,65,60,0
80yr_1080m_h1082,80,1080,2,perfect,568,5.4654,0,82,57,0
80yr_1080m_h1082,80,1080,3,perfect,568,5.3049,0,114,56,0
80yr_1080m_h1082,80,1080,5,perfect,568,6.1096,0,62,60,0
80yr_1080m_h1038,80,1080,2,perfect,568,5.4744,0,80,47,0
80yr_1080m_h1038,80,1080,3,perfect,568,5.298,0,112,47,0
80yr_1080m_h1038,80,1080,5,perfect,568,6.0602,0,70,51,0
80yr_1080m_h1010,80,1080,2,perfect,568,5.4836,0,83,22,0
80yr_1080m_h1010,80,1080,3,perfect,568,5.3122,0,122,21,0
80yr_1080m_h1010,80,1080,5,perfect,568,6.0818,0,80,22,0
80yr_1080m_h1060,80,1080,2,perfect,568,5.4588,0,78,57,0
80yr_1080m_h1060,80,1080,3,perfect,568,5.2902,0,114,56,0
80yr_1080m_h1060,80,1080,5,perfect,568,6.075,0,66,60,0
80yr_1440m_h1173,80,1440,2,perfect,748,5.4255,0,116,56,0
80yr_1440m_h1173,80,1440,3,perfect,748,5.3233,0,176,57,0
80yr_1440m_h1173,80,1440,5,perfect,748,5.7599,0,123,64,0
80yr_1440m_h1188,80,1440,2,perfect,748,5.4191,0,110,71,0
80yr_1440m_h1188,80,1440,3,perfect,748,5.3018,0,174,71,0
80yr_1440m_h1188,80,1440,5,perfect,748,5.6927,0,124,76,0
80yr_1440m_h1209,80,1440,2,perfect,748,5.4092,0,108,59,0
80yr_1440m_h1209,80,1440,3,perfect,748,5.306,0,162,62,0
80yr_1440m_h1209,80,1440,5,perfect,748,5.7369,0,107,74,0
80yr_1440m_h1117,80,1440,2,perfect,748,5.4181,0,126,27,0
80yr_1440m_h1117,80,1440,3,perfect,748,5.3094,0,184,25,0
80yr_1440m_h1117,80,1440,5,perfect,748,5.6819,0,126,27,0
80yr_1440m_h1234,80,1440,2,perfect,748,5.4557,0,114,60,0
80yr_1440m_h1234,80,1440,3,perfect,748,5.3018,0,164,62,0
80yr_1440m_h1234,80,1440,5,perfect,748,5.6506,0,112,74,0
